invoice_id,invoice_date,new_charges,overdue_charges,due_date,usage_charges,local_call,local_data,payment_method
2049656334,1/1/2020,$403.29,,15/1/2020,$931.92,$144.36,$478.80,cheque
4458237269,1/2/2020,$186.27,,15/2/2020,$698.68,$56.68,$100.53,credit card
1487749321,1/3/2020,$139.24,$396.59,15/3/2020,$133.76,$455.19,$104.16,credit card
9839886924,1/4/2020,$70.61,,15/4/2020,$182.17,$492.08,$96.33,credit card
1782400658,1/5/2020,$489.61,$367.35,15/5/2020,$575.61,$86.87,$175.76,cheque
4053356081,1/6/2020,$364.75,$433.23,15/6/2020,$874.95,$298.05,$254.66,e-wallet
1340304819,1/7/2020,$140.43,,15/7/2020,$220.62,$86.20,$194.86,credit card
1150900034,1/8/2020,$354.83,$268.54,15/8/2020,$859.34,$498.98,$377.35,e-wallet
7980442920,1/9/2020,$69.32,$142.70,15/9/2020,$380.57,$36.46,$254.06,e-wallet
7706161975,1/10/2020,$278.15,$118.57,15/10/2020,$301.14,$190.11,$133.01,cheque
8935874057,1/11/2020,$187.43,,15/11/2020,$838.19,$285.62,$358.35,cheque
2940707202,1/12/2020,$103.09,,15/12/2020,$264.48,$128.37,$167.13,e-wallet
4033793589,1/1/2020,$265.24,,15/1/2020,$132.96,$409.18,$191.82,cheque
5155503435,1/2/2020,$412.21,$360.20,15/2/2020,$115.16,$377.56,$31.55,e-wallet
9113636263,1/3/2020,$318.36,$302.41,15/3/2020,$285.75,$470.57,$37.46,cheque
0027170733,1/4/2020,$325.31,$151.88,15/4/2020,$277.18,$271.69,$111.73,cheque
0925544317,1/5/2020,$69.66,$417.07,15/5/2020,$715.09,$45.19,$464.98,cheque
7792966030,1/6/2020,$90.66,,15/6/2020,$386.41,$346.04,$470.57,credit card
9654455451,1/7/2020,$114.41,,15/7/2020,$561.07,$492.59,$419.45,cheque
3236766713,1/8/2020,$189.69,$415.38,15/8/2020,$799.81,$284.95,$218.62,credit card
1960216941,1/9/2020,$437.64,,15/9/2020,$970.11,$279.69,$95.12,credit card
7596603437,1/10/2020,$183.17,,15/10/2020,$116.04,$321.04,$114.37,credit card
5829952553,1/11/2020,$210.60,$334.04,15/11/2020,$243.20,$494.86,$294.38,cheque
8744231171,1/12/2020,$155.80,,15/12/2020,$238.57,$113.64,$354.98,cheque
9556296845,1/1/2020,$422.15,,15/1/2020,$886.76,$490.88,$336.36,credit card
8606428441,1/2/2020,$425.67,$330.63,15/2/2020,$794.92,$231.63,$84.00,credit card
3573199070,1/3/2020,$496.38,,15/3/2020,$614.65,$366.99,$169.02,e-wallet
4996650822,1/4/2020,$221.56,$95.40,15/4/2020,$990.51,$80.68,$121.97,cheque
6260521689,1/5/2020,$453.62,$230.78,15/5/2020,$989.35,$239.21,$114.65,e-wallet
9304401137,1/6/2020,$275.15,,15/6/2020,$684.22,$106.06,$121.49,cheque
1042559969,1/7/2020,$206.13,$110.72,15/7/2020,$383.97,$98.42,$66.97,cheque
6450959055,1/8/2020,$103.73,$429.33,15/8/2020,$995.37,$172.40,$267.38,cheque
6653950831,1/9/2020,$376.65,$473.17,15/9/2020,$92.72,$325.08,$32.78,e-wallet
4868622696,1/10/2020,$431.64,,15/10/2020,$97.70,$419.83,$441.85,credit card
2364641264,1/11/2020,$234.73,$65.49,15/11/2020,$526.42,$198.19,$156.68,e-wallet
9460338817,1/12/2020,$121.14,$321.58,15/12/2020,$596.83,$149.47,$285.50,e-wallet
8508542340,1/1/2020,$197.71,$197.35,15/1/2020,$195.82,$227.10,$396.80,cheque
3191571773,1/2/2020,$27.26,$97.27,15/2/2020,$994.12,$223.48,$87.69,cheque
6903545226,1/3/2020,$131.90,$296.05,15/3/2020,$363.62,$64.49,$77.91,e-wallet
2003248227,1/4/2020,$85.78,$116.17,15/4/2020,$796.28,$201.18,$61.57,cheque
0294597956,1/5/2020,$60.13,$136.93,15/5/2020,$811.17,$483.81,$463.12,e-wallet
3460770617,1/6/2020,$148.83,,15/6/2020,$986.86,$117.31,$221.13,credit card
5850349461,1/7/2020,$137.05,,15/7/2020,$312.67,$200.24,$452.30,credit card
9538678292,1/8/2020,$444.06,,15/8/2020,$19.82,$298.45,$284.00,cheque
8208628312,1/9/2020,$334.06,,15/9/2020,$95.66,$70.15,$354.96,cheque
4799218790,1/10/2020,$169.58,,15/10/2020,$769.10,$235.31,$222.14,cheque
5531336465,1/11/2020,$148.24,$415.08,15/11/2020,$937.17,$148.78,$479.97,e-wallet
3243774850,1/12/2020,$17.18,$240.06,15/12/2020,$218.08,$392.32,$121.73,e-wallet
2024681904,1/1/2020,$349.19,$263.87,15/1/2020,$989.85,$493.27,$98.68,credit card
8887852651,1/2/2020,$449.36,,15/2/2020,$958.72,$458.55,$12.76,e-wallet
9771906169,1/3/2020,$281.13,,15/3/2020,$381.29,$486.14,$8.06,credit card
8698865527,1/4/2020,$31.21,,15/4/2020,$16.89,$278.70,$2.69,cheque
4325345171,1/5/2020,$434.59,$485.49,15/5/2020,$847.08,$83.03,$63.59,cheque
2234672183,1/6/2020,$487.81,,15/6/2020,$45.69,$65.92,$39.60,e-wallet
7512292571,1/7/2020,$358.93,$284.13,15/7/2020,$418.58,$68.85,$155.76,cheque
3625922263,1/8/2020,$387.15,,15/8/2020,$947.90,$249.36,$267.33,e-wallet
8828415221,1/9/2020,$21.61,,15/9/2020,$148.59,$9.19,$470.04,e-wallet
1135527318,1/10/2020,$466.08,,15/10/2020,$923.04,$361.17,$234.31,cheque
8085678769,1/11/2020,$100.75,$468.66,15/11/2020,$240.81,$48.85,$439.56,cheque
2598062604,1/12/2020,$30.96,,15/12/2020,$932.50,$479.30,$351.23,credit card
4516560329,1/1/2020,$304.47,,15/1/2020,$321.37,$424.34,$113.85,e-wallet
1724432819,1/2/2020,$375.15,,15/2/2020,$312.68,$204.33,$323.98,credit card
0700909773,1/3/2020,$335.20,,15/3/2020,$689.67,$480.80,$422.18,credit card
2334342379,1/4/2020,$168.57,,15/4/2020,$224.94,$70.75,$382.81,credit card
5885048605,1/5/2020,$219.60,$121.81,15/5/2020,$807.01,$249.24,$26.58,cheque
1122550135,1/6/2020,$399.69,,15/6/2020,$624.99,$98.31,$152.37,e-wallet
4040026180,1/7/2020,$112.27,$62.67,15/7/2020,$775.33,$478.72,$34.29,e-wallet
9702115608,1/8/2020,$94.89,,15/8/2020,$148.63,$116.41,$47.62,cheque
1015588408,1/9/2020,$305.23,,15/9/2020,$839.56,$403.26,$329.94,cheque
8761975265,1/10/2020,$360.33,,15/10/2020,$323.79,$81.28,$469.03,e-wallet
2634991318,1/11/2020,$198.81,$264.76,15/11/2020,$476.75,$399.20,$228.84,credit card
0370507382,1/12/2020,$204.95,,15/12/2020,$178.96,$2.19,$206.52,cheque
0090268858,1/1/2020,$285.01,,15/1/2020,$842.85,$230.49,$195.62,cheque
3637953678,1/2/2020,$169.62,$308.38,15/2/2020,$941.08,$262.19,$385.94,cheque
9242360292,1/3/2020,$92.11,,15/3/2020,$189.34,$383.25,$170.38,credit card
6741221967,1/4/2020,$143.34,$450.28,15/4/2020,$782.61,$319.63,$255.53,e-wallet
6737907550,1/5/2020,$46.93,$186.71,15/5/2020,$135.66,$441.61,$113.99,cheque
0162895050,1/6/2020,$179.54,$70.66,15/6/2020,$728.01,$420.81,$185.12,e-wallet
2520757165,1/7/2020,$210.62,$126.04,15/7/2020,$765.08,$412.58,$100.88,e-wallet
3643777367,1/8/2020,$208.42,$84.69,15/8/2020,$913.24,$36.68,$87.53,credit card
9965372725,1/9/2020,$86.75,,15/9/2020,$334.02,$346.67,$339.47,credit card
7137555411,1/10/2020,$472.47,$152.69,15/10/2020,$288.17,$34.18,$315.10,e-wallet
9163522560,1/11/2020,$15.07,,15/11/2020,$288.19,$381.54,$209.67,credit card
7556563465,1/12/2020,$136.03,,15/12/2020,$363.97,$438.60,$194.31,cheque
9359336388,1/1/2020,$402.91,$354.56,15/1/2020,$541.76,$400.59,$125.61,e-wallet
9541801447,1/2/2020,$321.00,,15/2/2020,$310.10,$365.93,$461.85,credit card
5076054914,1/3/2020,$218.58,,15/3/2020,$678.18,$123.79,$91.60,cheque
8640177141,1/4/2020,$241.02,,15/4/2020,$275.31,$401.02,$103.49,e-wallet
5418740291,1/5/2020,$333.02,$1.18,15/5/2020,$753.42,$211.60,$470.35,cheque
3111553234,1/6/2020,$21.96,$271.68,15/6/2020,$80.70,$157.41,$367.64,credit card
5302955743,1/7/2020,$47.08,,15/7/2020,$8.23,$356.21,$29.02,credit card
0355780841,1/8/2020,$115.97,$169.33,15/8/2020,$805.35,$432.99,$133.44,cheque
3926238217,1/9/2020,$342.53,,15/9/2020,$978.99,$498.67,$331.88,e-wallet
2416336633,1/10/2020,$192.05,$415.79,15/10/2020,$61.49,$297.30,$461.99,cheque
0242016991,1/11/2020,$177.39,$229.25,15/11/2020,$465.91,$373.37,$442.43,cheque
5722264962,1/12/2020,$74.84,,15/12/2020,$341.27,$48.35,$25.68,e-wallet
7119713647,1/1/2020,$303.14,$322.97,15/1/2020,$634.50,$482.65,$419.47,credit card
0185673732,1/2/2020,$139.96,$57.79,15/2/2020,$882.07,$125.34,$149.24,cheque
1300716768,1/3/2020,$421.18,$321.92,15/3/2020,$404.71,$30.58,$354.79,cheque
1601488477,1/4/2020,$262.36,,15/4/2020,$827.37,$26.22,$388.61,credit card
9248835309,1/5/2020,$163.75,$491.60,15/5/2020,$105.91,$129.34,$186.12,credit card
5969439591,1/6/2020,$350.84,,15/6/2020,$82.73,$124.47,$274.79,cheque
9723332214,1/7/2020,$142.76,,15/7/2020,$484.49,$489.11,$254.86,e-wallet
4961741804,1/8/2020,$202.09,$67.59,15/8/2020,$765.03,$464.49,$13.06,cheque
5601635944,1/9/2020,$201.66,,15/9/2020,$468.21,$11.40,$227.91,cheque
0576642854,1/10/2020,$45.02,$242.29,15/10/2020,$919.85,$424.15,$291.19,credit card
0849347617,1/11/2020,$315.41,$70.27,15/11/2020,$150.50,$391.95,$335.56,credit card
8151733399,1/12/2020,$164.06,,15/12/2020,$210.62,$132.91,$21.23,e-wallet
3668797336,1/1/2020,$323.81,,15/1/2020,$812.15,$162.50,$167.52,credit card
6721289708,1/2/2020,$101.51,$270.58,15/2/2020,$261.83,$313.44,$72.31,e-wallet
7922737859,1/3/2020,$22.43,,15/3/2020,$627.52,$80.91,$398.13,cheque
5213804560,1/4/2020,$339.61,,15/4/2020,$827.57,$449.61,$22.66,credit card
2889350435,1/5/2020,$255.80,,15/5/2020,$933.67,$205.21,$212.62,cheque
6732267350,1/6/2020,$48.67,,15/6/2020,$388.79,$301.34,$245.15,credit card
1143439582,1/7/2020,$107.88,$418.71,15/7/2020,$487.16,$343.50,$350.44,credit card
6930229163,1/8/2020,$334.85,$45.39,15/8/2020,$4.17,$127.07,$91.03,e-wallet
6057400860,1/9/2020,$129.75,,15/9/2020,$259.81,$314.80,$320.53,cheque
2023168425,1/10/2020,$64.92,$307.19,15/10/2020,$400.91,$25.14,$229.26,e-wallet
8102877625,1/11/2020,$420.48,$455.04,15/11/2020,$688.98,$2.47,$379.60,cheque
9583634841,1/12/2020,$436.16,$371.75,15/12/2020,$833.23,$74.17,$280.40,e-wallet
4311006334,1/1/2020,$183.61,$228.39,15/1/2020,$308.85,$493.56,$82.51,credit card
1470878620,1/2/2020,$76.75,$430.20,15/2/2020,$329.34,$449.48,$359.86,credit card
3371124802,1/3/2020,$465.90,,15/3/2020,$853.57,$51.80,$218.66,e-wallet
3746644721,1/4/2020,$258.50,$8.13,15/4/2020,$860.70,$383.75,$340.46,credit card
3963291529,1/5/2020,$275.48,,15/5/2020,$993.12,$152.93,$363.07,cheque
8255683974,1/6/2020,$134.68,,15/6/2020,$469.16,$431.34,$465.96,cheque
2198654604,1/7/2020,$46.02,,15/7/2020,$766.51,$381.91,$133.33,credit card
0051635539,1/8/2020,$17.06,$18.36,15/8/2020,$797.04,$28.03,$26.28,e-wallet
9841287012,1/9/2020,$178.33,,15/9/2020,$552.36,$188.82,$240.70,credit card
5263200524,1/10/2020,$64.46,,15/10/2020,$866.51,$355.44,$184.34,credit card
7523457305,1/11/2020,$86.77,,15/11/2020,$986.91,$451.13,$436.81,e-wallet
7214165835,1/12/2020,$35.82,,15/12/2020,$605.32,$306.52,$326.31,e-wallet
7802579229,1/1/2020,$75.06,$383.56,15/1/2020,$883.26,$406.97,$299.07,cheque
8757436792,1/2/2020,$106.07,$124.22,15/2/2020,$548.17,$116.44,$350.32,cheque
8488751294,1/3/2020,$22.00,$359.17,15/3/2020,$171.50,$204.40,$195.87,credit card
8228825104,1/4/2020,$256.00,$226.11,15/4/2020,$902.32,$180.91,$87.53,e-wallet
4550660021,1/5/2020,$219.80,,15/5/2020,$596.89,$248.68,$250.95,cheque
7189044067,1/6/2020,$83.67,$196.60,15/6/2020,$665.38,$144.38,$454.32,cheque
1023189671,1/7/2020,$458.81,$38.21,15/7/2020,$365.79,$322.63,$292.31,cheque
4580952921,1/8/2020,$155.86,$176.17,15/8/2020,$111.45,$339.39,$81.22,e-wallet
2751544180,1/9/2020,$438.37,,15/9/2020,$849.24,$6.34,$198.62,credit card
2797260946,1/10/2020,$101.74,,15/10/2020,$919.17,$157.18,$171.02,credit card
9147682441,1/11/2020,$63.20,$397.24,15/11/2020,$673.29,$364.54,$134.13,e-wallet
6902671538,1/12/2020,$159.48,,15/12/2020,$567.57,$427.97,$161.86,e-wallet
8592436898,1/1/2020,$315.70,$96.54,15/1/2020,$518.45,$201.71,$73.74,e-wallet
9416736348,1/2/2020,$131.50,$431.35,15/2/2020,$753.00,$44.43,$155.66,credit card
3627658299,1/3/2020,$62.92,,15/3/2020,$237.51,$228.82,$344.22,cheque
4952578868,1/4/2020,$379.92,,15/4/2020,$175.82,$290.57,$263.62,credit card
7473497929,1/5/2020,$416.42,,15/5/2020,$796.55,$75.48,$238.02,credit card
0343985621,1/6/2020,$210.00,,15/6/2020,$113.12,$464.24,$168.21,cheque
9272047187,1/7/2020,$419.20,,15/7/2020,$292.64,$302.79,$341.75,e-wallet
4621852523,1/8/2020,$286.27,,15/8/2020,$291.25,$71.84,$154.31,cheque
4595496950,1/9/2020,$445.62,,15/9/2020,$34.30,$399.52,$6.46,e-wallet
0612374608,1/10/2020,$77.66,,15/10/2020,$404.95,$268.81,$239.20,e-wallet
5898227382,1/11/2020,$69.97,$46.15,15/11/2020,$528.91,$37.15,$237.03,e-wallet
3478927072,1/12/2020,$397.35,$32.33,15/12/2020,$347.48,$321.68,$151.38,credit card
8679848589,1/1/2020,$303.45,,15/1/2020,$462.21,$396.28,$73.07,cheque
1231585277,1/2/2020,$429.95,,15/2/2020,$36.24,$166.38,$118.36,credit card
2827271792,1/3/2020,$153.40,,15/3/2020,$177.24,$277.07,$21.37,e-wallet
3593102880,1/4/2020,$299.45,,15/4/2020,$273.78,$341.49,$349.84,cheque
6624214992,1/5/2020,$321.83,,15/5/2020,$384.40,$18.80,$370.37,e-wallet
7016582013,1/6/2020,$483.01,,15/6/2020,$401.58,$482.99,$424.52,cheque
8398997447,1/7/2020,$263.34,$55.53,15/7/2020,$886.18,$135.86,$424.40,cheque
8533103252,1/8/2020,$163.54,$275.85,15/8/2020,$355.22,$72.48,$75.16,cheque
6008862549,1/9/2020,$290.91,,15/9/2020,$159.55,$208.30,$168.25,credit card
1576393956,1/10/2020,$437.09,,15/10/2020,$989.67,$3.75,$454.08,e-wallet
2780925664,1/11/2020,$31.18,,15/11/2020,$723.04,$182.26,$457.87,credit card
4955319584,1/12/2020,$265.47,,15/12/2020,$855.65,$14.47,$436.18,credit card
3995149506,1/1/2020,$318.61,,15/1/2020,$541.25,$299.81,$357.51,e-wallet
8270247881,1/2/2020,$330.57,$155.39,15/2/2020,$909.31,$30.45,$316.75,credit card
3357747009,1/3/2020,$178.59,$354.05,15/3/2020,$951.87,$42.78,$197.33,cheque
9062164581,1/4/2020,$391.01,$277.69,15/4/2020,$314.25,$134.84,$281.39,cheque
6267727502,1/5/2020,$288.09,,15/5/2020,$239.90,$225.00,$340.58,credit card
5610406662,1/6/2020,$166.48,,15/6/2020,$435.19,$301.18,$125.08,credit card
3454007748,1/7/2020,$415.68,,15/7/2020,$274.78,$431.20,$495.79,e-wallet
9667886568,1/8/2020,$185.23,$186.89,15/8/2020,$412.47,$264.78,$255.95,e-wallet
2802108707,1/9/2020,$56.99,,15/9/2020,$885.57,$53.05,$237.14,cheque
0208235065,1/10/2020,$296.48,,15/10/2020,$32.52,$386.98,$83.26,credit card
7899686718,1/11/2020,$208.38,$291.37,15/11/2020,$996.62,$7.84,$451.23,e-wallet
0084445107,1/12/2020,$179.12,$106.42,15/12/2020,$795.58,$413.46,$272.20,e-wallet
1281150160,1/1/2020,$373.32,,15/1/2020,$784.02,$441.45,$498.57,e-wallet
1479940371,1/2/2020,$440.01,,15/2/2020,$214.22,$499.06,$124.72,e-wallet
1272385928,1/3/2020,$255.01,,15/3/2020,$208.22,$257.14,$438.50,e-wallet
1084919690,1/4/2020,$417.15,$162.55,15/4/2020,$0.18,$333.68,$171.41,cheque
5095027967,1/5/2020,$89.97,$248.12,15/5/2020,$249.11,$220.30,$101.78,e-wallet
4845161853,1/6/2020,$413.00,$75.27,15/6/2020,$509.83,$372.26,$38.47,e-wallet
3395782669,1/7/2020,$492.94,,15/7/2020,$267.97,$212.74,$460.24,cheque
7290781421,1/8/2020,$158.12,,15/8/2020,$498.97,$96.44,$213.04,e-wallet
4949407129,1/9/2020,$475.80,,15/9/2020,$724.57,$278.26,$196.98,cheque
7516902653,1/10/2020,$38.36,,15/10/2020,$543.14,$63.35,$458.42,e-wallet
5961523071,1/11/2020,$202.41,,15/11/2020,$378.55,$243.62,$43.63,cheque
9262867129,1/12/2020,$333.32,,15/12/2020,$936.31,$81.48,$444.76,credit card
2017428494,1/1/2020,$61.42,$84.30,15/1/2020,$963.67,$195.42,$365.21,cheque
1273089047,1/2/2020,$36.82,,15/2/2020,$549.42,$37.94,$291.86,credit card
0665061988,1/3/2020,$321.08,,15/3/2020,$744.71,$49.20,$213.66,cheque
0973405368,1/4/2020,$376.94,,15/4/2020,$331.25,$280.67,$105.55,credit card
4619649065,1/5/2020,$179.62,$267.78,15/5/2020,$742.87,$3.42,$409.92,credit card
9297877859,1/6/2020,$469.91,,15/6/2020,$75.63,$162.74,$54.10,e-wallet
6576160606,1/7/2020,$401.24,,15/7/2020,$733.11,$256.08,$390.26,credit card
5133671215,1/8/2020,$143.17,,15/8/2020,$983.11,$164.11,$212.49,credit card
7087396986,1/9/2020,$156.36,,15/9/2020,$91.52,$276.68,$350.55,cheque
6378837974,1/10/2020,$173.74,$271.40,15/10/2020,$408.96,$211.11,$415.43,cheque
9713311523,1/11/2020,$297.53,$222.77,15/11/2020,$879.77,$184.45,$209.70,cheque
5254241995,1/12/2020,$162.58,,15/12/2020,$523.55,$111.81,$37.96,credit card
0156530946,1/1/2020,$45.58,$316.92,15/1/2020,$953.17,$405.37,$29.75,e-wallet
4755828339,1/2/2020,$249.15,,15/2/2020,$204.09,$466.05,$436.79,credit card
7011534815,1/3/2020,$37.91,,15/3/2020,$676.60,$44.18,$159.74,e-wallet
7848330122,1/4/2020,$63.53,,15/4/2020,$521.87,$445.49,$22.73,e-wallet
3857689992,1/5/2020,$278.27,,15/5/2020,$48.29,$171.52,$399.29,cheque
2232370545,1/6/2020,$406.83,$254.63,15/6/2020,$914.20,$4.48,$99.37,cheque
4046454149,1/7/2020,$304.90,,15/7/2020,$926.20,$39.46,$361.27,cheque
6970476672,1/8/2020,$223.82,$57.56,15/8/2020,$578.51,$62.76,$92.41,credit card
5429408364,1/9/2020,$41.39,,15/9/2020,$473.80,$210.71,$76.76,cheque
7935800330,1/10/2020,$309.20,$487.02,15/10/2020,$151.98,$426.67,$222.95,cheque
7128472497,1/11/2020,$92.49,$379.26,15/11/2020,$913.07,$429.47,$440.02,credit card
6757748151,1/12/2020,$63.67,,15/12/2020,$708.83,$423.66,$186.36,e-wallet
1001510144,1/1/2020,$313.80,$271.18,15/1/2020,$702.49,$242.21,$236.44,credit card
3143135675,1/2/2020,$402.15,,15/2/2020,$761.15,$322.13,$445.44,credit card
7858263973,1/3/2020,$70.87,,15/3/2020,$652.52,$216.03,$387.15,credit card
4949632261,1/4/2020,$368.06,$311.41,15/4/2020,$493.45,$171.88,$315.43,credit card
5580130326,1/5/2020,$323.30,,15/5/2020,$277.65,$119.99,$495.69,credit card
7137592191,1/6/2020,$405.34,,15/6/2020,$747.25,$334.87,$157.35,e-wallet
0011973951,1/7/2020,$346.12,$42.82,15/7/2020,$860.85,$491.84,$224.72,e-wallet
6596880698,1/8/2020,$81.16,$128.39,15/8/2020,$705.68,$465.36,$20.79,e-wallet
9652912416,1/9/2020,$56.80,$31.90,15/9/2020,$572.32,$247.97,$21.54,cheque
9100937813,1/10/2020,$262.87,$374.93,15/10/2020,$378.92,$493.97,$395.01,e-wallet
0462024819,1/11/2020,$54.86,,15/11/2020,$374.59,$195.19,$458.64,credit card
9133326291,1/12/2020,$253.67,$112.57,15/12/2020,$628.19,$322.67,$328.83,credit card
6318677092,1/1/2020,$491.63,,15/1/2020,$417.26,$265.05,$487.70,e-wallet
4617601519,1/2/2020,$168.31,$63.60,15/2/2020,$891.53,$462.44,$320.38,cheque
2730603266,1/3/2020,$128.99,,15/3/2020,$582.69,$98.16,$498.52,credit card
4571711342,1/4/2020,$451.52,$161.29,15/4/2020,$863.59,$251.88,$177.57,cheque
8001256349,1/5/2020,$48.17,,15/5/2020,$852.11,$496.57,$75.85,credit card
4250224378,1/6/2020,$48.54,,15/6/2020,$510.98,$431.32,$315.55,credit card
0637347166,1/7/2020,$184.33,$420.06,15/7/2020,$217.29,$313.37,$243.92,e-wallet
4955851330,1/8/2020,$267.50,$28.31,15/8/2020,$184.52,$367.23,$406.46,cheque
6877043899,1/9/2020,$439.81,$395.93,15/9/2020,$664.41,$152.01,$233.34,cheque
7859988576,1/10/2020,$199.53,,15/10/2020,$861.44,$295.73,$408.74,cheque
4219972868,1/11/2020,$496.52,$363.82,15/11/2020,$858.28,$135.92,$41.64,e-wallet
7141929006,1/12/2020,$437.22,,15/12/2020,$261.64,$222.49,$190.61,cheque
0696642378,1/1/2020,$489.46,,15/1/2020,$849.48,$266.59,$240.63,cheque
6695631996,1/2/2020,$184.89,,15/2/2020,$508.18,$219.60,$115.14,cheque
9421853056,1/3/2020,$287.09,,15/3/2020,$449.20,$103.69,$40.93,e-wallet
6246803382,1/4/2020,$426.75,,15/4/2020,$107.06,$15.76,$379.63,e-wallet
2217419068,1/5/2020,$195.03,$194.67,15/5/2020,$543.32,$50.93,$96.83,credit card
0397640593,1/6/2020,$67.64,,15/6/2020,$680.85,$329.52,$361.37,cheque
7382303132,1/7/2020,$108.93,$259.77,15/7/2020,$317.91,$264.38,$374.09,credit card
4406465545,1/8/2020,$267.72,$490.62,15/8/2020,$653.10,$7.53,$215.08,e-wallet
1102207759,1/9/2020,$109.84,,15/9/2020,$356.90,$200.81,$340.29,cheque
4663066254,1/10/2020,$133.94,,15/10/2020,$696.76,$18.87,$288.64,credit card
5021911195,1/11/2020,$331.26,,15/11/2020,$500.86,$277.97,$124.23,credit card
9874277651,1/12/2020,$151.88,$74.22,15/12/2020,$32.82,$451.04,$134.87,e-wallet
1177974564,1/1/2020,$138.54,,15/1/2020,$688.99,$13.92,$18.95,e-wallet
1969096167,1/2/2020,$240.71,,15/2/2020,$388.81,$6.79,$358.80,credit card
0202434328,1/3/2020,$375.89,,15/3/2020,$417.76,$383.91,$165.72,e-wallet
5741327181,1/4/2020,$268.22,,15/4/2020,$347.99,$140.07,$169.05,credit card
4968661222,1/5/2020,$420.08,,15/5/2020,$105.16,$114.66,$0.22,cheque
2638398584,1/6/2020,$464.34,$371.18,15/6/2020,$357.25,$311.39,$12.43,credit card
0658419024,1/7/2020,$353.29,$281.56,15/7/2020,$919.03,$388.80,$54.70,cheque
6160043318,1/8/2020,$130.48,,15/8/2020,$437.08,$410.69,$344.29,credit card
1817141710,1/9/2020,$472.83,,15/9/2020,$256.26,$358.93,$166.83,credit card
4388219094,1/10/2020,$441.38,$67.63,15/10/2020,$453.45,$327.45,$316.19,credit card
2895981305,1/11/2020,$123.38,$384.96,15/11/2020,$268.88,$236.62,$351.58,e-wallet
2191446126,1/12/2020,$47.88,,15/12/2020,$460.57,$479.66,$428.86,cheque
0826802889,1/1/2020,$60.41,$188.94,15/1/2020,$446.38,$341.09,$146.30,e-wallet
6139089239,1/2/2020,$175.22,,15/2/2020,$272.42,$15.45,$367.53,e-wallet
8648537676,1/3/2020,$195.93,,15/3/2020,$389.99,$180.17,$305.94,credit card
8333075683,1/4/2020,$371.60,,15/4/2020,$641.79,$439.28,$286.18,cheque
5663608659,1/5/2020,$271.45,,15/5/2020,$187.13,$191.61,$273.87,cheque
7852658831,1/6/2020,$324.29,,15/6/2020,$194.71,$121.72,$67.37,e-wallet
5836680135,1/7/2020,$60.44,$40.11,15/7/2020,$332.56,$125.63,$88.17,credit card
8067089968,1/8/2020,$31.50,,15/8/2020,$743.04,$220.25,$293.49,cheque
7039348712,1/9/2020,$131.71,,15/9/2020,$211.66,$439.14,$306.77,e-wallet
5189271548,1/10/2020,$229.60,,15/10/2020,$172.29,$238.65,$64.07,credit card
3331380746,1/11/2020,$417.21,,15/11/2020,$102.70,$36.53,$46.95,cheque
4655116240,1/12/2020,$367.24,,15/12/2020,$931.03,$469.34,$239.71,credit card
7363803746,1/1/2020,$19.15,,15/1/2020,$573.62,$473.53,$491.47,credit card
2780406176,1/2/2020,$358.89,$266.79,15/2/2020,$161.22,$194.76,$495.74,e-wallet
0814727281,1/3/2020,$221.02,,15/3/2020,$79.38,$111.82,$231.38,credit card
7237732700,1/4/2020,$187.82,,15/4/2020,$610.87,$192.53,$102.73,credit card
7409760164,1/5/2020,$315.77,$185.93,15/5/2020,$462.27,$354.01,$192.55,credit card
5732865407,1/6/2020,$460.51,,15/6/2020,$264.55,$11.98,$134.97,cheque
2751864320,1/7/2020,$432.63,$116.53,15/7/2020,$955.07,$406.99,$33.58,cheque
8508883141,1/8/2020,$496.65,,15/8/2020,$855.09,$419.97,$202.03,e-wallet
3519585651,1/9/2020,$83.39,$373.26,15/9/2020,$76.10,$246.75,$197.57,credit card
7012230574,1/10/2020,$458.93,,15/10/2020,$171.37,$244.34,$42.29,cheque
6127903837,1/11/2020,$479.97,,15/11/2020,$648.96,$26.45,$217.35,e-wallet
0038099925,1/12/2020,$194.59,,15/12/2020,$434.77,$110.04,$86.59,cheque
7452406215,1/1/2020,$347.28,,15/1/2020,$571.44,$487.27,$128.17,cheque
9274522059,1/2/2020,$20.12,$170.04,15/2/2020,$790.55,$448.49,$347.74,credit card
3196824692,1/3/2020,$209.14,,15/3/2020,$269.96,$293.90,$465.48,cheque
1017885577,1/4/2020,$97.23,,15/4/2020,$575.11,$489.16,$96.14,e-wallet
1180839423,1/5/2020,$94.96,$284.66,15/5/2020,$917.63,$495.80,$104.67,e-wallet
9448625870,1/6/2020,$148.02,,15/6/2020,$510.66,$318.08,$364.54,e-wallet
0524830031,1/7/2020,$211.42,,15/7/2020,$971.02,$57.62,$24.83,cheque
6292565478,1/8/2020,$492.12,,15/8/2020,$229.63,$273.56,$311.16,credit card
3482464058,1/9/2020,$413.47,,15/9/2020,$854.64,$401.49,$58.93,e-wallet
8127740425,1/10/2020,$238.65,,15/10/2020,$984.74,$160.12,$448.95,e-wallet
9744807879,1/11/2020,$47.59,,15/11/2020,$311.11,$422.40,$239.38,cheque
1082284387,1/12/2020,$456.74,,15/12/2020,$663.85,$462.75,$263.88,e-wallet
3918716245,1/1/2020,$191.93,$454.39,15/1/2020,$655.84,$288.84,$379.08,e-wallet
0462449783,1/2/2020,$333.66,$71.49,15/2/2020,$247.08,$216.97,$122.28,cheque
6236829198,1/3/2020,$294.08,$120.95,15/3/2020,$697.00,$458.72,$71.48,e-wallet
1913780547,1/4/2020,$369.18,,15/4/2020,$806.46,$353.66,$364.99,cheque
9093931415,1/5/2020,$287.93,,15/5/2020,$485.20,$322.83,$451.56,e-wallet
0118749801,1/6/2020,$358.50,$441.17,15/6/2020,$371.90,$9.84,$434.14,cheque
6678978426,1/7/2020,$227.37,,15/7/2020,$3.13,$341.77,$256.95,e-wallet
1654250579,1/8/2020,$451.76,,15/8/2020,$776.44,$433.77,$59.17,e-wallet
4185677127,1/9/2020,$317.15,,15/9/2020,$689.37,$220.52,$227.05,e-wallet
7930614337,1/10/2020,$186.10,,15/10/2020,$550.14,$109.83,$456.34,cheque
7549330413,1/11/2020,$147.36,,15/11/2020,$697.88,$68.60,$445.68,credit card
5498201207,1/12/2020,$491.26,,15/12/2020,$893.27,$449.28,$389.23,e-wallet
8242828715,1/1/2020,$24.07,,15/1/2020,$254.81,$444.17,$142.85,credit card
9789822163,1/2/2020,$299.95,,15/2/2020,$43.16,$450.30,$179.43,cheque
5425825717,1/3/2020,$17.25,,15/3/2020,$961.41,$44.65,$188.11,credit card
3386779001,1/4/2020,$235.07,,15/4/2020,$876.23,$110.47,$22.07,e-wallet
1314505147,1/5/2020,$151.07,,15/5/2020,$650.20,$156.49,$431.50,credit card
0409310476,1/6/2020,$260.79,,15/6/2020,$610.17,$471.12,$463.59,cheque
5260371702,1/7/2020,$18.07,,15/7/2020,$883.40,$34.72,$78.67,e-wallet
1081030341,1/8/2020,$44.93,$134.78,15/8/2020,$837.41,$478.81,$47.79,e-wallet
0397336879,1/9/2020,$249.55,,15/9/2020,$782.20,$234.18,$306.61,cheque
1279652846,1/10/2020,$449.09,,15/10/2020,$200.94,$100.00,$294.87,e-wallet
1511509067,1/11/2020,$340.87,,15/11/2020,$411.23,$21.26,$258.03,e-wallet
3894012962,1/12/2020,$347.41,$87.52,15/12/2020,$162.40,$287.55,$478.13,credit card
9179384801,1/1/2020,$68.78,,15/1/2020,$199.12,$204.87,$377.76,credit card
8895335069,1/2/2020,$249.04,,15/2/2020,$654.37,$327.21,$272.02,credit card
0432787066,1/3/2020,$173.59,,15/3/2020,$573.19,$80.71,$176.33,cheque
2582057498,1/4/2020,$424.78,,15/4/2020,$646.70,$256.74,$16.84,cheque
0263279499,1/5/2020,$383.64,$105.85,15/5/2020,$772.80,$231.84,$109.43,e-wallet
4713396082,1/6/2020,$35.59,,15/6/2020,$750.36,$477.50,$195.74,cheque
3315304105,1/7/2020,$313.47,,15/7/2020,$448.52,$20.37,$93.52,e-wallet
4961037786,1/8/2020,$142.58,$493.35,15/8/2020,$487.30,$390.53,$402.01,credit card
1251716504,1/9/2020,$412.57,$451.80,15/9/2020,$565.00,$491.37,$418.34,credit card
3774478764,1/10/2020,$111.10,$129.80,15/10/2020,$715.96,$5.96,$163.27,credit card
0959383631,1/11/2020,$413.57,,15/11/2020,$577.66,$130.99,$127.20,cheque
6492253079,1/12/2020,$393.64,,15/12/2020,$662.28,$225.35,$108.58,credit card
2349277947,1/1/2020,$423.09,$33.48,15/1/2020,$368.58,$321.06,$167.55,cheque
4709036942,1/2/2020,$339.11,,15/2/2020,$835.23,$39.06,$317.24,cheque
6699814542,1/3/2020,$103.18,$466.11,15/3/2020,$474.75,$297.24,$484.81,cheque
9484909644,1/4/2020,$382.84,,15/4/2020,$990.23,$103.81,$265.18,cheque
0388764656,1/5/2020,$422.83,$468.17,15/5/2020,$114.93,$440.91,$499.53,e-wallet
3721399838,1/6/2020,$206.63,$453.10,15/6/2020,$705.28,$480.46,$76.80,credit card
6298273267,1/7/2020,$172.27,$0.03,15/7/2020,$607.55,$18.44,$189.97,cheque
7155756135,1/8/2020,$250.02,,15/8/2020,$563.51,$171.69,$278.13,e-wallet
6303448744,1/9/2020,$181.05,$339.93,15/9/2020,$675.32,$153.57,$106.39,cheque
6453121900,1/10/2020,$214.58,,15/10/2020,$994.84,$361.23,$32.88,cheque
4771392978,1/11/2020,$178.57,,15/11/2020,$954.15,$235.00,$458.96,credit card
8113871625,1/12/2020,$248.86,,15/12/2020,$434.98,$25.59,$278.70,e-wallet
1211219156,1/1/2020,$450.10,$351.51,15/1/2020,$940.29,$138.44,$479.13,credit card
8154950813,1/2/2020,$350.35,,15/2/2020,$782.77,$347.26,$496.80,cheque
7153370631,1/3/2020,$158.04,$478.75,15/3/2020,$634.42,$27.89,$495.45,e-wallet
0291427377,1/4/2020,$287.70,,15/4/2020,$764.41,$121.59,$46.09,cheque
9790981118,1/5/2020,$323.70,,15/5/2020,$279.58,$313.18,$204.78,credit card
7004679883,1/6/2020,$455.74,$479.07,15/6/2020,$509.49,$296.02,$398.97,e-wallet
4429163845,1/7/2020,$73.49,,15/7/2020,$874.26,$129.89,$290.58,credit card
0447666678,1/8/2020,$53.71,$466.48,15/8/2020,$517.46,$324.76,$442.98,cheque
5546690442,1/9/2020,$86.10,,15/9/2020,$380.90,$73.78,$297.62,credit card
1604104997,1/10/2020,$73.29,,15/10/2020,$212.96,$305.06,$65.50,e-wallet
2272196074,1/11/2020,$122.19,$447.93,15/11/2020,$168.05,$298.63,$19.87,e-wallet
3361708019,1/12/2020,$437.27,,15/12/2020,$252.85,$215.19,$108.53,cheque
1298569432,1/1/2020,$160.97,,15/1/2020,$466.81,$380.82,$183.18,credit card
2790534665,1/2/2020,$203.06,,15/2/2020,$497.56,$207.80,$233.24,cheque
0938789565,1/3/2020,$103.32,$118.24,15/3/2020,$809.14,$71.34,$11.06,e-wallet
8738860109,1/4/2020,$277.75,,15/4/2020,$233.73,$385.84,$424.26,e-wallet
5351867465,1/5/2020,$50.02,,15/5/2020,$292.69,$329.50,$195.99,credit card
5320549618,1/6/2020,$173.44,$37.25,15/6/2020,$65.78,$378.49,$404.52,credit card
7885155178,1/7/2020,$319.64,$397.92,15/7/2020,$704.38,$151.68,$275.38,e-wallet
9775518058,1/8/2020,$311.37,$461.46,15/8/2020,$632.88,$92.58,$480.51,cheque
2119657792,1/9/2020,$272.48,$445.03,15/9/2020,$580.93,$438.67,$115.97,e-wallet
5337123270,1/10/2020,$186.98,,15/10/2020,$693.32,$249.43,$328.64,cheque
6739604313,1/11/2020,$27.18,,15/11/2020,$598.03,$283.88,$291.21,credit card
2140580989,1/12/2020,$91.85,,15/12/2020,$979.58,$486.84,$273.70,e-wallet
6463007708,1/1/2020,$443.98,$260.43,15/1/2020,$231.48,$120.71,$270.74,e-wallet
0976435622,1/2/2020,$330.66,,15/2/2020,$873.08,$487.16,$378.62,e-wallet
9814112855,1/3/2020,$66.43,,15/3/2020,$684.64,$473.66,$117.64,e-wallet
5709899074,1/4/2020,$322.30,$224.42,15/4/2020,$147.72,$235.01,$37.70,credit card
1175300442,1/5/2020,$423.09,,15/5/2020,$771.40,$394.48,$411.45,credit card
7011968808,1/6/2020,$305.32,,15/6/2020,$128.47,$395.76,$179.29,credit card
4020369580,1/7/2020,$27.58,,15/7/2020,$315.77,$474.04,$454.77,cheque
9322190935,1/8/2020,$28.21,,15/8/2020,$818.93,$110.44,$339.31,credit card
6209415333,1/9/2020,$180.27,,15/9/2020,$472.25,$146.29,$459.86,cheque
3317719435,1/10/2020,$465.82,,15/10/2020,$719.18,$273.91,$12.77,cheque
8135192796,1/11/2020,$440.42,,15/11/2020,$299.26,$492.03,$473.70,credit card
0520437296,1/12/2020,$164.11,$201.89,15/12/2020,$53.24,$124.06,$236.40,credit card
6914945503,1/1/2020,$264.00,,15/1/2020,$646.77,$315.48,$152.17,e-wallet
5037279172,1/2/2020,$82.02,$146.04,15/2/2020,$453.51,$391.92,$469.70,cheque
4519352949,1/3/2020,$465.30,,15/3/2020,$648.12,$458.69,$193.55,cheque
6376772093,1/4/2020,$123.24,$366.22,15/4/2020,$390.97,$381.53,$88.64,cheque
3370945329,1/5/2020,$113.19,$35.14,15/5/2020,$957.40,$344.77,$265.11,credit card
9876189868,1/6/2020,$183.72,,15/6/2020,$197.95,$240.86,$117.97,credit card
6283345038,1/7/2020,$479.52,,15/7/2020,$74.43,$466.41,$478.60,cheque
3128989181,1/8/2020,$388.98,,15/8/2020,$642.72,$236.25,$338.59,credit card
7402872346,1/9/2020,$340.03,,15/9/2020,$12.92,$244.37,$353.95,cheque
0015477874,1/10/2020,$282.31,$367.31,15/10/2020,$991.43,$143.95,$485.58,e-wallet
5943764308,1/11/2020,$39.74,,15/11/2020,$203.83,$463.60,$146.85,credit card
8773671387,1/12/2020,$303.31,,15/12/2020,$457.99,$189.65,$315.12,cheque
5388450500,1/1/2020,$111.19,,15/1/2020,$307.32,$214.99,$27.83,cheque
9006552076,1/2/2020,$60.18,,15/2/2020,$336.08,$174.21,$13.33,credit card
5026076641,1/3/2020,$172.31,$219.03,15/3/2020,$259.42,$221.33,$456.57,e-wallet
8488578939,1/4/2020,$76.18,,15/4/2020,$280.31,$499.63,$444.24,cheque
6996815926,1/5/2020,$88.82,,15/5/2020,$483.42,$50.44,$420.20,cheque
1892491585,1/6/2020,$298.35,,15/6/2020,$724.48,$184.24,$419.01,credit card
8126780884,1/7/2020,$133.82,$239.14,15/7/2020,$514.74,$65.46,$125.62,cheque
9033200415,1/8/2020,$262.06,,15/8/2020,$119.25,$304.24,$175.22,cheque
2389577424,1/9/2020,$80.87,$114.71,15/9/2020,$658.97,$248.95,$430.09,credit card
6670553066,1/10/2020,$339.89,,15/10/2020,$963.95,$379.57,$21.42,cheque
6769280902,1/11/2020,$318.88,$108.54,15/11/2020,$31.86,$332.06,$456.54,e-wallet
7925719773,1/12/2020,$230.71,,15/12/2020,$786.14,$338.53,$11.82,cheque
0089062910,1/1/2020,$398.89,$164.38,15/1/2020,$847.47,$118.64,$334.41,cheque
7580251909,1/2/2020,$396.96,$161.69,15/2/2020,$360.64,$98.74,$228.81,e-wallet
3341311536,1/3/2020,$309.58,,15/3/2020,$673.81,$158.67,$252.80,cheque
8497209092,1/4/2020,$269.86,,15/4/2020,$512.89,$260.31,$150.42,e-wallet
3326221767,1/5/2020,$431.07,,15/5/2020,$667.83,$83.33,$308.88,cheque
4535602723,1/6/2020,$279.00,,15/6/2020,$204.09,$371.31,$390.81,cheque
5308520529,1/7/2020,$398.01,,15/7/2020,$513.12,$263.58,$235.94,cheque
8879034123,1/8/2020,$324.51,,15/8/2020,$880.33,$383.89,$404.39,e-wallet
3033940961,1/9/2020,$348.85,,15/9/2020,$732.83,$127.23,$371.04,e-wallet
2883746590,1/10/2020,$356.49,$209.63,15/10/2020,$785.44,$251.72,$449.03,cheque
7123707168,1/11/2020,$218.40,$56.58,15/11/2020,$234.97,$297.67,$405.50,e-wallet
3589988570,1/12/2020,$107.78,$70.45,15/12/2020,$912.01,$415.44,$328.23,e-wallet
7713625158,1/1/2020,$456.56,$301.70,15/1/2020,$574.79,$412.84,$350.64,cheque
8686985854,1/2/2020,$393.96,$393.59,15/2/2020,$806.46,$306.85,$34.45,credit card
8870081835,1/3/2020,$141.94,,15/3/2020,$731.64,$460.47,$250.59,e-wallet
6307050546,1/4/2020,$276.46,,15/4/2020,$881.34,$248.39,$43.85,e-wallet
0733717975,1/5/2020,$129.80,$153.69,15/5/2020,$981.56,$209.57,$297.20,credit card
1831125280,1/6/2020,$344.91,$119.60,15/6/2020,$671.51,$7.74,$375.13,cheque
4277350879,1/7/2020,$490.71,,15/7/2020,$826.55,$400.41,$478.90,e-wallet
5537721627,1/8/2020,$18.40,,15/8/2020,$222.73,$245.25,$290.94,cheque
9634001046,1/9/2020,$344.32,,15/9/2020,$596.51,$413.92,$165.16,cheque
3226667011,1/10/2020,$466.74,,15/10/2020,$253.04,$470.57,$220.70,e-wallet
3035426225,1/11/2020,$292.31,,15/11/2020,$454.44,$328.05,$24.89,e-wallet
7559512488,1/12/2020,$216.01,,15/12/2020,$615.65,$114.89,$230.60,cheque
4751931971,1/1/2020,$29.46,$352.37,15/1/2020,$835.53,$2.65,$138.87,e-wallet
8274246031,1/2/2020,$281.92,,15/2/2020,$807.62,$425.23,$59.24,e-wallet
6178300465,1/3/2020,$428.62,$288.42,15/3/2020,$145.63,$151.82,$476.53,credit card
4712921990,1/4/2020,$335.46,,15/4/2020,$389.55,$472.17,$459.02,e-wallet
6771769145,1/5/2020,$238.50,$249.98,15/5/2020,$321.13,$273.74,$135.07,cheque
8656100042,1/6/2020,$347.97,,15/6/2020,$377.65,$198.34,$42.47,credit card
2780008651,1/7/2020,$394.54,,15/7/2020,$51.35,$278.44,$494.97,e-wallet
4451126041,1/8/2020,$475.86,$331.16,15/8/2020,$163.48,$103.66,$33.35,cheque
4877675370,1/9/2020,$201.68,,15/9/2020,$843.24,$464.12,$489.83,e-wallet
3244416636,1/10/2020,$280.32,,15/10/2020,$407.28,$372.30,$188.39,e-wallet
3086532174,1/11/2020,$399.15,,15/11/2020,$311.74,$121.83,$326.78,e-wallet
0468085851,1/12/2020,$204.35,$209.98,15/12/2020,$750.12,$46.89,$424.51,credit card
1160106519,1/1/2020,$206.15,,15/1/2020,$169.82,$236.92,$205.13,credit card
8000097608,1/2/2020,$432.10,,15/2/2020,$297.72,$300.98,$36.15,cheque
9516644512,1/3/2020,$336.99,,15/3/2020,$347.41,$47.70,$113.79,credit card
1213631766,1/4/2020,$463.93,$115.77,15/4/2020,$922.56,$487.46,$364.22,cheque
8141427371,1/5/2020,$204.32,,15/5/2020,$339.82,$493.83,$259.13,cheque
9098006634,1/6/2020,$317.63,$495.18,15/6/2020,$946.07,$222.05,$461.65,credit card
9405463872,1/7/2020,$456.13,$325.82,15/7/2020,$43.59,$225.65,$294.85,e-wallet
0474475583,1/8/2020,$463.25,$80.11,15/8/2020,$336.53,$100.64,$62.42,cheque
9260977620,1/9/2020,$48.49,,15/9/2020,$727.82,$117.77,$462.88,e-wallet
5441843606,1/10/2020,$291.71,,15/10/2020,$231.46,$478.53,$157.74,cheque
1990881136,1/11/2020,$52.99,,15/11/2020,$493.98,$296.78,$31.94,credit card
6061826392,1/12/2020,$175.97,$392.66,15/12/2020,$871.37,$335.84,$441.37,e-wallet
5244740289,1/1/2020,$188.19,,15/1/2020,$39.82,$210.17,$287.43,cheque
4845666313,1/2/2020,$350.25,,15/2/2020,$868.27,$65.87,$338.45,credit card
6680781290,1/3/2020,$243.07,,15/3/2020,$125.38,$17.43,$279.24,credit card
6266530018,1/4/2020,$285.90,,15/4/2020,$744.31,$149.66,$250.67,cheque
3243305586,1/5/2020,$453.54,,15/5/2020,$815.18,$199.05,$312.07,e-wallet
6564000689,1/6/2020,$131.06,$165.21,15/6/2020,$96.24,$322.49,$143.87,e-wallet
8768872857,1/7/2020,$462.73,,15/7/2020,$936.43,$361.94,$189.42,credit card
6240740980,1/8/2020,$231.43,,15/8/2020,$259.81,$352.19,$240.42,e-wallet
9713208971,1/9/2020,$129.72,,15/9/2020,$164.50,$175.88,$369.38,e-wallet
3851056443,1/10/2020,$17.06,,15/10/2020,$474.54,$388.92,$176.38,e-wallet
4813679887,1/11/2020,$106.53,,15/11/2020,$174.68,$363.80,$450.21,credit card
2376689079,1/12/2020,$195.90,,15/12/2020,$394.56,$185.46,$224.92,cheque
3390599057,1/1/2020,$364.95,,15/1/2020,$828.72,$292.71,$226.47,cheque
8866427129,1/2/2020,$45.74,,15/2/2020,$987.57,$92.51,$325.47,e-wallet
8016953182,1/3/2020,$465.34,$397.60,15/3/2020,$657.14,$94.21,$200.88,cheque
4086980714,1/4/2020,$41.52,,15/4/2020,$810.36,$418.35,$110.72,cheque
1663258959,1/5/2020,$220.76,$372.69,15/5/2020,$393.16,$176.59,$30.18,e-wallet
8183234658,1/6/2020,$48.85,$210.49,15/6/2020,$393.07,$446.13,$155.00,e-wallet
7101269498,1/7/2020,$90.27,,15/7/2020,$638.19,$176.57,$165.96,credit card
6681264739,1/8/2020,$278.98,,15/8/2020,$391.66,$12.83,$152.15,cheque
9772155915,1/9/2020,$79.05,,15/9/2020,$811.15,$149.75,$409.99,cheque
6847943171,1/10/2020,$475.85,,15/10/2020,$168.25,$414.24,$325.78,credit card
7860629943,1/11/2020,$205.00,,15/11/2020,$892.51,$141.28,$189.33,credit card
7467460102,1/12/2020,$437.87,$36.61,15/12/2020,$564.08,$287.80,$92.62,e-wallet
1129659252,1/1/2020,$291.65,,15/1/2020,$782.82,$35.30,$268.52,credit card
9165950930,1/2/2020,$48.91,$77.92,15/2/2020,$24.25,$87.36,$180.20,credit card
0648246900,1/3/2020,$99.54,$92.23,15/3/2020,$875.28,$97.82,$389.86,cheque
9310963442,1/4/2020,$475.55,$341.46,15/4/2020,$287.55,$392.36,$166.35,e-wallet
7125005477,1/5/2020,$35.68,$79.34,15/5/2020,$62.43,$457.80,$84.41,e-wallet
4954309859,1/6/2020,$298.79,,15/6/2020,$119.71,$359.40,$190.07,cheque
1778468389,1/7/2020,$29.66,$12.05,15/7/2020,$868.05,$287.66,$417.75,cheque
7703696295,1/8/2020,$474.97,$324.62,15/8/2020,$884.29,$259.06,$244.89,credit card
8789582730,1/9/2020,$24.47,,15/9/2020,$189.53,$75.16,$169.29,cheque
1265356820,1/10/2020,$157.88,,15/10/2020,$310.56,$6.20,$475.40,credit card
2467748695,1/11/2020,$211.77,,15/11/2020,$674.27,$281.40,$222.69,credit card
4880182323,1/12/2020,$295.65,,15/12/2020,$124.17,$423.94,$31.90,e-wallet
9353871550,1/1/2020,$320.37,$125.70,15/1/2020,$767.10,$381.54,$45.68,cheque
2276438890,1/2/2020,$92.92,,15/2/2020,$434.20,$339.14,$126.69,credit card
4987571594,1/3/2020,$197.50,$96.20,15/3/2020,$86.34,$393.17,$217.90,credit card
0339405230,1/4/2020,$191.94,,15/4/2020,$151.21,$170.80,$35.05,credit card
5502389344,1/5/2020,$412.89,$469.54,15/5/2020,$585.72,$164.19,$379.85,credit card
0434402937,1/6/2020,$213.76,,15/6/2020,$41.71,$65.79,$297.14,cheque
4455750930,1/7/2020,$361.72,,15/7/2020,$877.11,$69.20,$285.71,credit card
9187878926,1/8/2020,$290.60,,15/8/2020,$750.97,$139.76,$468.91,e-wallet
3908530606,1/9/2020,$134.75,,15/9/2020,$204.06,$146.76,$186.24,cheque
5750431337,1/10/2020,$373.14,$417.38,15/10/2020,$275.54,$376.41,$312.76,e-wallet
8012869647,1/11/2020,$304.19,$472.78,15/11/2020,$39.66,$57.64,$467.99,cheque
2645531098,1/12/2020,$114.79,,15/12/2020,$323.00,$251.89,$419.99,e-wallet
5585302460,1/1/2020,$305.34,,15/1/2020,$560.92,$368.85,$0.67,cheque
4964390435,1/2/2020,$346.96,$116.32,15/2/2020,$467.71,$341.18,$169.14,e-wallet
1764797303,1/3/2020,$319.14,,15/3/2020,$262.25,$425.82,$262.15,credit card
9728884874,1/4/2020,$87.51,,15/4/2020,$266.39,$418.96,$356.67,cheque
6522257388,1/5/2020,$477.19,$152.35,15/5/2020,$888.85,$390.33,$414.60,cheque
0762087261,1/6/2020,$118.58,,15/6/2020,$952.72,$348.50,$58.56,cheque
8077148908,1/7/2020,$352.97,,15/7/2020,$270.90,$389.72,$154.26,credit card
4369457600,1/8/2020,$466.37,$74.77,15/8/2020,$148.10,$241.57,$302.14,credit card
1504407775,1/9/2020,$109.11,$445.15,15/9/2020,$800.84,$30.50,$359.64,credit card
3138751971,1/10/2020,$465.28,,15/10/2020,$755.86,$18.08,$0.44,cheque
4433801395,1/11/2020,$417.94,$121.07,15/11/2020,$424.09,$308.28,$376.41,e-wallet
6072393884,1/12/2020,$317.02,,15/12/2020,$39.85,$54.29,$17.54,credit card
8771435546,1/1/2020,$442.45,,15/1/2020,$610.24,$358.91,$463.24,cheque
8878159048,1/2/2020,$204.68,,15/2/2020,$492.25,$244.01,$56.89,cheque
8598680142,1/3/2020,$42.73,$350.64,15/3/2020,$363.30,$460.20,$114.06,credit card
7195090879,1/4/2020,$52.96,,15/4/2020,$157.96,$266.13,$367.57,e-wallet
0654295477,1/5/2020,$57.49,,15/5/2020,$73.88,$298.86,$418.31,e-wallet
1275452430,1/6/2020,$453.30,,15/6/2020,$811.80,$423.60,$19.20,cheque
5625361956,1/7/2020,$410.74,,15/7/2020,$271.21,$421.51,$373.63,cheque
8724114224,1/8/2020,$79.05,$421.81,15/8/2020,$342.10,$188.97,$310.32,cheque
6514124476,1/9/2020,$480.90,,15/9/2020,$378.37,$116.63,$475.22,credit card
1388093891,1/10/2020,$247.18,,15/10/2020,$578.35,$312.84,$85.50,cheque
7393328126,1/11/2020,$46.17,$455.25,15/11/2020,$299.78,$362.56,$133.99,credit card
3461524535,1/12/2020,$134.04,$41.11,15/12/2020,$520.97,$249.56,$296.48,e-wallet
2139119444,1/1/2020,$62.19,,15/1/2020,$919.38,$371.05,$125.59,credit card
3856023531,1/2/2020,$445.86,$64.55,15/2/2020,$439.78,$17.86,$177.87,e-wallet
5525433317,1/3/2020,$466.59,,15/3/2020,$409.87,$448.08,$193.76,e-wallet
3746563403,1/4/2020,$141.37,$133.24,15/4/2020,$72.05,$77.12,$242.48,e-wallet
2054126509,1/5/2020,$373.33,,15/5/2020,$479.04,$199.01,$497.12,e-wallet
5215251621,1/6/2020,$455.43,,15/6/2020,$661.73,$433.84,$370.57,cheque
0918130481,1/7/2020,$407.60,,15/7/2020,$174.64,$76.13,$307.81,credit card
3289532008,1/8/2020,$21.47,,15/8/2020,$966.78,$371.67,$237.89,cheque
4236609493,1/9/2020,$279.81,,15/9/2020,$650.10,$1.13,$97.93,e-wallet
1698894693,1/10/2020,$44.25,$349.46,15/10/2020,$727.32,$84.15,$4.38,credit card
1240086503,1/11/2020,$188.99,,15/11/2020,$481.28,$239.28,$146.39,cheque
4971544660,1/12/2020,$90.26,$341.54,15/12/2020,$181.27,$270.01,$47.57,credit card
1250965031,1/1/2020,$417.35,,15/1/2020,$841.58,$451.69,$474.33,credit card
6593927412,1/2/2020,$92.62,,15/2/2020,$558.81,$28.69,$183.10,cheque
3491850614,1/3/2020,$110.61,,15/3/2020,$584.20,$316.12,$127.18,e-wallet
4625213449,1/4/2020,$314.58,$432.23,15/4/2020,$334.98,$426.97,$121.60,cheque
6641271346,1/5/2020,$130.51,$171.80,15/5/2020,$768.46,$220.36,$338.16,e-wallet
1168943137,1/6/2020,$385.49,,15/6/2020,$172.95,$50.29,$6.56,e-wallet
4097110822,1/7/2020,$359.61,$384.67,15/7/2020,$469.97,$94.93,$327.63,credit card
7184495235,1/8/2020,$24.14,,15/8/2020,$256.95,$116.30,$194.51,e-wallet
8077058550,1/9/2020,$149.58,,15/9/2020,$473.59,$320.04,$155.16,e-wallet
8976807687,1/10/2020,$164.20,,15/10/2020,$189.28,$444.84,$194.84,e-wallet
6638540787,1/11/2020,$132.26,$475.79,15/11/2020,$224.96,$463.78,$269.97,e-wallet
1121971466,1/12/2020,$490.78,$16.13,15/12/2020,$380.48,$267.81,$255.50,credit card
1517580981,1/1/2020,$341.04,,15/1/2020,$610.38,$438.63,$218.22,credit card
8301981081,1/2/2020,$164.86,,15/2/2020,$206.25,$259.74,$225.43,cheque
4894159530,1/3/2020,$327.38,,15/3/2020,$68.31,$148.59,$46.85,credit card
4577171217,1/4/2020,$127.91,,15/4/2020,$919.03,$43.49,$61.54,e-wallet
4231461744,1/5/2020,$311.44,,15/5/2020,$318.32,$146.13,$265.83,credit card
2550356325,1/6/2020,$403.59,,15/6/2020,$66.92,$450.24,$282.42,e-wallet
0131763063,1/7/2020,$394.41,$268.35,15/7/2020,$173.37,$326.23,$323.10,credit card
5238054347,1/8/2020,$276.52,,15/8/2020,$39.19,$471.05,$108.62,credit card
9028538211,1/9/2020,$486.09,,15/9/2020,$844.14,$41.31,$94.43,e-wallet
9054053550,1/10/2020,$468.53,,15/10/2020,$637.83,$468.72,$125.12,e-wallet
1588858277,1/11/2020,$454.78,,15/11/2020,$660.32,$215.27,$2.28,cheque
9645515221,1/12/2020,$70.19,$40.19,15/12/2020,$378.63,$391.34,$212.71,e-wallet
8791156535,1/1/2020,$17.20,,15/1/2020,$534.28,$457.56,$374.69,credit card
3925666025,1/2/2020,$76.38,,15/2/2020,$721.82,$270.97,$161.36,credit card
8886837241,1/3/2020,$290.99,$99.52,15/3/2020,$566.09,$335.36,$194.87,e-wallet
9377359949,1/4/2020,$401.81,,15/4/2020,$436.79,$217.59,$232.91,cheque
2289003959,1/5/2020,$471.73,$120.49,15/5/2020,$481.70,$31.38,$425.21,e-wallet
2670976883,1/6/2020,$112.00,,15/6/2020,$673.87,$65.58,$237.96,e-wallet
2185607610,1/7/2020,$54.25,,15/7/2020,$314.00,$174.61,$100.77,e-wallet
6897199931,1/8/2020,$216.21,,15/8/2020,$511.20,$169.88,$3.90,cheque
4297367596,1/9/2020,$116.10,,15/9/2020,$338.02,$194.02,$118.61,cheque
5645818912,1/10/2020,$38.01,$454.02,15/10/2020,$92.97,$107.91,$137.34,credit card
0520307175,1/11/2020,$373.58,$462.15,15/11/2020,$823.13,$221.03,$241.52,credit card
4600160894,1/12/2020,$448.67,$6.96,15/12/2020,$699.45,$161.17,$35.16,e-wallet
7397832375,1/1/2020,$155.86,$342.20,15/1/2020,$789.06,$357.91,$56.70,e-wallet
3070894717,1/2/2020,$447.20,,15/2/2020,$116.65,$166.77,$447.57,credit card
0581050672,1/3/2020,$356.95,,15/3/2020,$277.50,$37.30,$68.53,credit card
5308392957,1/4/2020,$465.66,$193.62,15/4/2020,$618.39,$80.60,$418.48,e-wallet
8959544574,1/5/2020,$262.24,,15/5/2020,$659.26,$361.46,$425.94,credit card
0549228999,1/6/2020,$397.27,,15/6/2020,$196.21,$88.81,$372.96,credit card
1782944016,1/7/2020,$275.83,$232.40,15/7/2020,$977.16,$125.33,$59.66,e-wallet
1842731550,1/8/2020,$217.98,$65.65,15/8/2020,$793.04,$79.47,$200.23,e-wallet
0484522601,1/9/2020,$214.81,,15/9/2020,$233.16,$354.57,$51.82,e-wallet
7089709997,1/10/2020,$322.13,,15/10/2020,$320.75,$228.44,$226.38,credit card
5506321979,1/11/2020,$35.70,$150.74,15/11/2020,$781.10,$163.49,$114.16,e-wallet
1003395027,1/12/2020,$462.88,,15/12/2020,$734.56,$137.04,$285.32,credit card
3560181966,1/1/2020,$73.76,,15/1/2020,$170.35,$458.78,$64.12,cheque
8365357214,1/2/2020,$497.79,,15/2/2020,$955.83,$137.76,$453.84,e-wallet
7945091916,1/3/2020,$116.35,$193.23,15/3/2020,$121.34,$283.20,$82.11,e-wallet
9371233314,1/4/2020,$49.45,,15/4/2020,$432.53,$187.29,$429.91,cheque
5201615334,1/5/2020,$305.01,$216.75,15/5/2020,$560.65,$205.11,$48.53,cheque
5302026894,1/6/2020,$469.93,,15/6/2020,$988.40,$472.52,$274.59,e-wallet
1949948972,1/7/2020,$186.10,,15/7/2020,$604.40,$210.44,$168.86,credit card
5654241186,1/8/2020,$447.04,$217.09,15/8/2020,$11.17,$15.95,$82.83,credit card
1149734985,1/9/2020,$171.95,,15/9/2020,$97.33,$57.97,$461.89,credit card
1500730181,1/10/2020,$262.26,,15/10/2020,$974.86,$465.36,$60.34,cheque
7321886969,1/11/2020,$441.27,,15/11/2020,$561.04,$390.52,$171.25,e-wallet
8398377087,1/12/2020,$295.15,,15/12/2020,$780.93,$259.67,$222.91,cheque
4351880808,1/1/2020,$313.65,,15/1/2020,$980.11,$147.97,$144.94,credit card
2564254738,1/2/2020,$333.78,,15/2/2020,$172.54,$107.07,$188.35,e-wallet
2555769882,1/3/2020,$116.86,,15/3/2020,$518.92,$324.57,$44.84,e-wallet
9746837337,1/4/2020,$138.36,,15/4/2020,$505.06,$40.76,$124.12,credit card
1538276969,1/5/2020,$259.14,,15/5/2020,$236.67,$90.07,$104.99,cheque
4334075248,1/6/2020,$114.20,$284.27,15/6/2020,$743.62,$119.20,$396.20,cheque
9125604903,1/7/2020,$146.42,,15/7/2020,$701.63,$21.15,$40.31,e-wallet
7738396552,1/8/2020,$446.09,$198.67,15/8/2020,$934.01,$326.75,$345.45,cheque
1949190464,1/9/2020,$124.43,$397.86,15/9/2020,$985.81,$257.10,$54.68,credit card
8964133209,1/10/2020,$126.96,,15/10/2020,$392.95,$176.86,$5.61,e-wallet
9986770266,1/11/2020,$135.29,,15/11/2020,$431.65,$347.18,$271.28,credit card
0478601397,1/12/2020,$427.45,$116.85,15/12/2020,$809.69,$59.73,$492.09,e-wallet
8451845196,1/1/2020,$257.98,$329.94,15/1/2020,$150.89,$212.86,$23.74,e-wallet
9721184252,1/2/2020,$424.83,,15/2/2020,$709.25,$218.33,$394.53,credit card
5236389352,1/3/2020,$480.98,,15/3/2020,$662.26,$415.46,$96.53,credit card
1420615531,1/4/2020,$58.81,,15/4/2020,$109.82,$19.77,$152.43,e-wallet
4664695833,1/5/2020,$347.70,,15/5/2020,$986.63,$65.21,$126.89,cheque
2573785915,1/6/2020,$417.23,$426.62,15/6/2020,$211.08,$400.09,$119.91,e-wallet
3003840424,1/7/2020,$51.57,$379.14,15/7/2020,$424.54,$310.61,$428.19,cheque
1607796069,1/8/2020,$411.51,$100.29,15/8/2020,$643.88,$127.88,$317.63,e-wallet
7095768764,1/9/2020,$276.12,,15/9/2020,$78.89,$453.20,$302.27,cheque
7756763185,1/10/2020,$497.30,,15/10/2020,$339.84,$237.19,$396.00,cheque
4382532518,1/11/2020,$29.82,,15/11/2020,$996.76,$237.22,$55.51,credit card
3380357869,1/12/2020,$474.80,$261.70,15/12/2020,$319.39,$186.16,$321.81,e-wallet
2657269215,1/1/2020,$334.82,,15/1/2020,$607.95,$324.10,$168.41,cheque
0706286697,1/2/2020,$442.70,,15/2/2020,$239.58,$343.12,$129.96,cheque
4103386790,1/3/2020,$132.73,$333.60,15/3/2020,$48.01,$477.89,$498.64,credit card
6587264931,1/4/2020,$40.36,$368.99,15/4/2020,$327.75,$122.12,$487.48,cheque
8643922773,1/5/2020,$100.96,,15/5/2020,$704.68,$109.22,$1.17,credit card
2776538184,1/6/2020,$173.68,,15/6/2020,$605.65,$275.85,$421.74,e-wallet
5052526103,1/7/2020,$301.40,$360.02,15/7/2020,$302.26,$460.56,$297.17,e-wallet
1151468839,1/8/2020,$360.35,,15/8/2020,$646.04,$353.17,$33.48,e-wallet
8660467635,1/9/2020,$318.54,$88.12,15/9/2020,$300.45,$230.45,$443.16,credit card
4757487082,1/10/2020,$144.38,$134.50,15/10/2020,$899.52,$91.90,$199.71,cheque
6332368037,1/11/2020,$490.88,$466.01,15/11/2020,$905.63,$279.01,$379.01,e-wallet
1584951263,1/12/2020,$224.19,$456.35,15/12/2020,$751.27,$322.34,$190.66,credit card
9316858172,1/1/2020,$254.27,$187.95,15/1/2020,$450.41,$308.86,$323.00,credit card
4909293366,1/2/2020,$427.54,,15/2/2020,$15.13,$32.26,$416.05,e-wallet
0368892404,1/3/2020,$110.18,,15/3/2020,$236.32,$184.00,$481.53,e-wallet
9916842168,1/4/2020,$315.64,,15/4/2020,$699.89,$266.81,$228.80,cheque
6910108412,1/5/2020,$366.87,$445.15,15/5/2020,$331.57,$198.15,$298.40,cheque
2602181558,1/6/2020,$129.57,,15/6/2020,$966.13,$186.15,$3.44,e-wallet
2575747429,1/7/2020,$56.01,,15/7/2020,$943.85,$405.16,$213.69,e-wallet
2223223843,1/8/2020,$242.53,$259.87,15/8/2020,$468.77,$305.99,$62.71,e-wallet
3825100501,1/9/2020,$253.92,,15/9/2020,$416.04,$266.65,$215.20,credit card
1248715501,1/10/2020,$55.92,$391.26,15/10/2020,$107.34,$435.44,$35.14,e-wallet
6355204044,1/11/2020,$173.87,,15/11/2020,$917.41,$462.75,$229.10,credit card
0798494514,1/12/2020,$20.25,$403.50,15/12/2020,$372.56,$295.21,$234.51,credit card
8433861205,1/1/2020,$184.68,$284.50,15/1/2020,$729.00,$102.63,$190.75,cheque
7134752437,1/2/2020,$95.68,,15/2/2020,$997.60,$347.44,$328.02,cheque
9144085053,1/3/2020,$437.38,,15/3/2020,$575.40,$368.14,$110.10,e-wallet
7613904983,1/4/2020,$487.60,$350.90,15/4/2020,$824.37,$447.07,$166.58,e-wallet
8696939270,1/5/2020,$179.53,,15/5/2020,$871.54,$120.17,$43.24,credit card
1728813637,1/6/2020,$35.57,$390.91,15/6/2020,$779.49,$295.94,$451.11,credit card
3924606336,1/7/2020,$288.55,,15/7/2020,$510.77,$310.67,$298.82,credit card
0102154773,1/8/2020,$249.59,,15/8/2020,$808.01,$179.46,$186.33,e-wallet
1401018389,1/9/2020,$170.28,$492.18,15/9/2020,$103.13,$143.93,$264.34,credit card
7477322177,1/10/2020,$490.05,,15/10/2020,$147.11,$277.34,$444.08,cheque
4873468391,1/11/2020,$143.18,$464.30,15/11/2020,$333.89,$275.60,$351.56,e-wallet
2779731399,1/12/2020,$225.64,,15/12/2020,$23.06,$261.31,$238.02,e-wallet
2004248482,1/1/2020,$150.82,,15/1/2020,$484.87,$386.88,$368.19,credit card
3283600879,1/2/2020,$299.29,,15/2/2020,$647.83,$84.74,$355.20,credit card
1301155493,1/3/2020,$59.83,,15/3/2020,$994.73,$440.80,$135.90,cheque
1097983024,1/4/2020,$116.59,,15/4/2020,$186.67,$235.77,$265.25,cheque
4789015546,1/5/2020,$325.76,$454.31,15/5/2020,$649.52,$422.71,$444.71,credit card
9719319186,1/6/2020,$224.00,,15/6/2020,$142.21,$470.56,$173.58,credit card
1522198660,1/7/2020,$336.45,,15/7/2020,$711.20,$461.24,$350.60,cheque
0759856064,1/8/2020,$295.35,,15/8/2020,$154.64,$121.90,$93.07,cheque
4908828215,1/9/2020,$96.70,,15/9/2020,$702.59,$488.59,$441.67,cheque
6404045321,1/10/2020,$188.89,,15/10/2020,$14.41,$36.85,$151.81,credit card
0155020374,1/11/2020,$91.89,$365.37,15/11/2020,$966.17,$189.63,$395.26,credit card
2123462734,1/12/2020,$50.82,$250.27,15/12/2020,$598.13,$116.37,$221.32,credit card
6801289918,1/1/2020,$380.64,,15/1/2020,$259.37,$392.27,$12.59,cheque
7919189119,1/2/2020,$238.02,,15/2/2020,$18.76,$415.25,$104.24,credit card
0777407298,1/3/2020,$148.42,,15/3/2020,$54.98,$391.78,$83.02,credit card
0850536956,1/4/2020,$242.55,,15/4/2020,$934.39,$359.75,$231.97,e-wallet
3491188878,1/5/2020,$184.17,$186.70,15/5/2020,$193.39,$495.70,$176.64,cheque
2294932443,1/6/2020,$260.28,,15/6/2020,$189.56,$398.77,$176.46,credit card
5160043326,1/7/2020,$279.38,,15/7/2020,$406.58,$10.46,$25.67,cheque
1280068700,1/8/2020,$347.12,,15/8/2020,$698.42,$159.53,$389.21,cheque
3278610884,1/9/2020,$400.65,,15/9/2020,$317.44,$395.08,$426.39,credit card
8499355171,1/10/2020,$339.27,,15/10/2020,$231.86,$371.01,$136.48,cheque
2805689831,1/11/2020,$216.67,,15/11/2020,$239.11,$348.07,$96.40,credit card
6470457103,1/12/2020,$22.37,,15/12/2020,$915.71,$403.66,$304.47,credit card
3432153756,1/1/2020,$395.34,$499.46,15/1/2020,$642.29,$176.12,$4.31,credit card
1037641174,1/2/2020,$383.03,,15/2/2020,$958.90,$250.22,$321.34,credit card
5945188706,1/3/2020,$190.30,,15/3/2020,$217.20,$488.64,$212.54,credit card
6708555257,1/4/2020,$382.27,,15/4/2020,$399.96,$130.00,$298.67,credit card
9116888326,1/5/2020,$33.06,,15/5/2020,$646.62,$284.18,$384.00,credit card
9732180986,1/6/2020,$444.56,$331.55,15/6/2020,$160.46,$64.27,$417.17,credit card
6425110255,1/7/2020,$481.42,,15/7/2020,$486.21,$340.49,$109.34,credit card
9821075294,1/8/2020,$54.24,,15/8/2020,$752.97,$18.80,$301.73,cheque
8413338311,1/9/2020,$98.55,,15/9/2020,$428.81,$317.84,$449.77,e-wallet
1220613082,1/10/2020,$473.38,$283.13,15/10/2020,$477.98,$355.57,$462.49,cheque
4908435231,1/11/2020,$385.47,,15/11/2020,$780.64,$53.97,$83.19,e-wallet
0938108367,1/12/2020,$177.35,,15/12/2020,$674.37,$11.63,$329.37,credit card
3257707895,1/1/2020,$38.09,,15/1/2020,$341.41,$46.24,$38.13,cheque
4043530658,1/2/2020,$83.95,,15/2/2020,$494.52,$356.40,$183.45,e-wallet
7806231373,1/3/2020,$415.25,,15/3/2020,$307.40,$287.02,$459.67,cheque
6619652943,1/4/2020,$442.59,,15/4/2020,$164.83,$43.39,$121.14,credit card
3364913235,1/5/2020,$248.94,$281.85,15/5/2020,$89.30,$73.62,$48.64,cheque
8629132347,1/6/2020,$473.67,$121.20,15/6/2020,$930.14,$408.08,$294.75,e-wallet
5818848050,1/7/2020,$78.87,,15/7/2020,$634.82,$116.68,$415.42,e-wallet
7369022458,1/8/2020,$381.06,,15/8/2020,$325.40,$243.33,$153.65,cheque
5701717908,1/9/2020,$68.47,,15/9/2020,$261.17,$421.61,$366.62,credit card
3585864444,1/10/2020,$80.27,,15/10/2020,$58.77,$379.15,$0.57,e-wallet
4503297474,1/11/2020,$402.17,$457.92,15/11/2020,$657.82,$44.47,$207.23,credit card
8996528735,1/12/2020,$257.44,,15/12/2020,$476.03,$32.04,$120.94,credit card
8195674043,1/1/2020,$286.11,,15/1/2020,$309.72,$390.10,$370.62,cheque
2929872835,1/2/2020,$207.88,,15/2/2020,$110.47,$99.80,$249.58,credit card
3959309983,1/3/2020,$171.72,$185.02,15/3/2020,$781.43,$299.77,$401.07,e-wallet
6536605787,1/4/2020,$477.62,,15/4/2020,$444.97,$490.22,$483.65,credit card
6323339899,1/5/2020,$407.78,,15/5/2020,$945.73,$67.73,$434.25,credit card
8447473554,1/6/2020,$253.84,,15/6/2020,$25.90,$207.66,$435.72,e-wallet
2397652560,1/7/2020,$272.46,,15/7/2020,$170.73,$434.48,$486.37,e-wallet
7385480023,1/8/2020,$174.19,,15/8/2020,$458.63,$455.29,$114.75,cheque
7167186824,1/9/2020,$374.86,,15/9/2020,$92.09,$154.23,$94.28,credit card
2847974329,1/10/2020,$53.19,,15/10/2020,$396.85,$44.27,$337.82,e-wallet
3790092956,1/11/2020,$250.06,,15/11/2020,$821.12,$355.23,$130.47,cheque
2812646184,1/12/2020,$438.24,,15/12/2020,$799.86,$85.44,$244.75,e-wallet
2390504441,1/1/2020,$155.33,,15/1/2020,$621.29,$405.60,$371.93,credit card
1444118313,1/2/2020,$422.91,,15/2/2020,$899.14,$104.89,$330.72,cheque
6846213190,1/3/2020,$299.39,,15/3/2020,$360.86,$179.46,$166.10,cheque
9109516706,1/4/2020,$493.99,,15/4/2020,$999.02,$417.87,$186.71,credit card
9868674611,1/5/2020,$183.53,$351.80,15/5/2020,$36.71,$231.98,$114.52,e-wallet
0164419873,1/6/2020,$410.29,$231.51,15/6/2020,$227.87,$262.98,$438.81,e-wallet
1457828708,1/7/2020,$432.38,$498.05,15/7/2020,$875.40,$123.92,$211.71,e-wallet
6060223021,1/8/2020,$485.55,,15/8/2020,$24.32,$247.08,$190.66,cheque
7320073324,1/9/2020,$444.62,,15/9/2020,$484.94,$467.84,$375.63,e-wallet
9455031717,1/10/2020,$173.13,$389.02,15/10/2020,$962.85,$484.38,$267.74,credit card
7220549248,1/11/2020,$282.27,,15/11/2020,$196.81,$490.52,$239.80,credit card
7720193180,1/12/2020,$422.19,,15/12/2020,$57.87,$168.10,$393.78,credit card
2945457987,1/1/2020,$175.72,,15/1/2020,$848.39,$103.09,$143.88,cheque
1241760132,1/2/2020,$496.13,$27.95,15/2/2020,$435.30,$367.62,$122.48,e-wallet
1656517738,1/3/2020,$436.51,,15/3/2020,$766.94,$226.00,$458.99,credit card
8159653759,1/4/2020,$441.23,$36.03,15/4/2020,$890.30,$153.19,$159.62,cheque
3087192846,1/5/2020,$119.77,,15/5/2020,$151.82,$194.44,$96.45,cheque
6369369660,1/6/2020,$419.46,,15/6/2020,$407.67,$189.70,$239.77,credit card
2096844324,1/7/2020,$177.28,$279.89,15/7/2020,$889.52,$374.80,$373.77,e-wallet
3243208233,1/8/2020,$354.06,,15/8/2020,$185.38,$246.53,$212.05,credit card
3550234377,1/9/2020,$364.01,$133.19,15/9/2020,$175.72,$145.42,$224.01,credit card
7017547050,1/10/2020,$302.64,,15/10/2020,$916.51,$224.36,$45.27,credit card
6379121367,1/11/2020,$112.93,,15/11/2020,$572.80,$376.03,$53.64,e-wallet
4680849443,1/12/2020,$290.68,,15/12/2020,$40.31,$129.81,$463.24,e-wallet
3203256066,1/1/2020,$473.18,,15/1/2020,$942.31,$310.25,$316.80,cheque
6961067659,1/2/2020,$146.65,,15/2/2020,$746.44,$461.53,$226.54,cheque
8735856367,1/3/2020,$473.68,,15/3/2020,$539.76,$118.39,$308.13,e-wallet
2820986989,1/4/2020,$465.20,$293.32,15/4/2020,$802.60,$149.79,$439.13,credit card
5763396994,1/5/2020,$136.24,,15/5/2020,$5.82,$352.25,$58.31,credit card
1982628642,1/6/2020,$394.24,$459.22,15/6/2020,$110.86,$466.53,$167.67,cheque
3112682012,1/7/2020,$150.89,,15/7/2020,$682.99,$455.67,$22.05,e-wallet
6080427302,1/8/2020,$167.85,,15/8/2020,$555.78,$404.58,$138.95,credit card
0492559969,1/9/2020,$399.27,$16.22,15/9/2020,$623.21,$45.34,$343.61,cheque
8943486368,1/10/2020,$198.89,,15/10/2020,$209.80,$167.68,$400.64,e-wallet
6314789074,1/11/2020,$413.84,,15/11/2020,$941.38,$102.37,$425.24,credit card
0033725722,1/12/2020,$476.71,,15/12/2020,$688.54,$173.57,$106.76,credit card
8242844686,1/1/2020,$314.78,$491.99,15/1/2020,$313.32,$294.79,$194.81,e-wallet
6567395449,1/2/2020,$168.41,,15/2/2020,$474.29,$421.73,$77.51,e-wallet
3043613458,1/3/2020,$129.05,,15/3/2020,$976.05,$225.11,$272.89,e-wallet
4592925786,1/4/2020,$432.61,$165.67,15/4/2020,$720.88,$32.96,$83.65,e-wallet
1995753182,1/5/2020,$148.99,,15/5/2020,$258.29,$7.08,$15.37,cheque
9669755644,1/6/2020,$263.50,,15/6/2020,$452.10,$327.50,$264.93,credit card
1598294543,1/7/2020,$142.40,,15/7/2020,$29.36,$222.52,$332.14,cheque
3291954414,1/8/2020,$390.72,,15/8/2020,$575.35,$156.84,$10.33,cheque
4584994214,1/9/2020,$333.31,$333.76,15/9/2020,$794.01,$47.54,$29.14,cheque
6272393140,1/10/2020,$64.67,,15/10/2020,$431.77,$357.22,$314.42,cheque
6498302700,1/11/2020,$438.94,,15/11/2020,$136.28,$127.44,$425.81,cheque
7047583244,1/12/2020,$89.23,$33.75,15/12/2020,$102.87,$330.71,$490.37,credit card
7736532566,1/1/2020,$292.39,,15/1/2020,$697.71,$25.20,$427.87,credit card
1415970459,1/2/2020,$308.30,,15/2/2020,$624.21,$456.23,$435.32,cheque
5057395807,1/3/2020,$75.07,,15/3/2020,$582.54,$354.99,$71.36,credit card
8456983172,1/4/2020,$79.62,,15/4/2020,$110.25,$215.91,$377.75,credit card
9087956012,1/5/2020,$292.48,,15/5/2020,$752.38,$170.65,$320.59,credit card
5400921322,1/6/2020,$207.83,,15/6/2020,$312.37,$413.01,$370.87,credit card
7819025301,1/7/2020,$334.92,,15/7/2020,$88.65,$307.04,$90.81,e-wallet
1757769695,1/8/2020,$113.70,$406.50,15/8/2020,$560.75,$23.58,$175.40,credit card
9046112019,1/9/2020,$39.98,,15/9/2020,$472.79,$72.14,$130.47,cheque
8589857729,1/10/2020,$344.47,,15/10/2020,$967.62,$116.79,$42.81,credit card
1095034967,1/11/2020,$25.17,,15/11/2020,$247.98,$294.12,$485.94,cheque
2881117466,1/12/2020,$291.61,,15/12/2020,$951.34,$393.63,$382.58,credit card
7232315536,1/1/2020,$35.63,,15/1/2020,$988.39,$387.89,$366.39,credit card
8952377757,1/2/2020,$386.10,,15/2/2020,$946.62,$234.13,$388.19,cheque
2333320533,1/3/2020,$85.17,,15/3/2020,$627.40,$163.06,$213.52,cheque
7951337087,1/4/2020,$97.09,,15/4/2020,$917.66,$253.07,$186.41,credit card
6775481979,1/5/2020,$475.48,,15/5/2020,$657.91,$260.32,$413.51,cheque
3092919936,1/6/2020,$46.35,,15/6/2020,$373.46,$112.97,$468.60,cheque
7069573908,1/7/2020,$469.50,,15/7/2020,$698.10,$95.86,$64.02,credit card
1759051542,1/8/2020,$135.68,,15/8/2020,$333.04,$243.48,$449.60,e-wallet
4966499718,1/9/2020,$309.36,,15/9/2020,$828.55,$140.31,$271.07,cheque
7149094262,1/10/2020,$421.81,$97.20,15/10/2020,$107.82,$112.79,$369.89,credit card
0245162619,1/11/2020,$442.29,,15/11/2020,$500.84,$128.65,$235.06,cheque
2404574544,1/12/2020,$94.00,,15/12/2020,$678.18,$320.13,$119.83,cheque
2649695034,1/1/2020,$126.63,,15/1/2020,$437.56,$304.82,$365.93,credit card
5632767953,1/2/2020,$491.49,,15/2/2020,$163.79,$53.02,$48.92,cheque
5717520987,1/3/2020,$63.07,,15/3/2020,$676.52,$62.78,$354.78,e-wallet
8316783037,1/4/2020,$371.80,$121.32,15/4/2020,$978.19,$478.37,$134.18,credit card
4601563239,1/5/2020,$412.92,$234.43,15/5/2020,$151.66,$167.16,$379.60,cheque
7765750978,1/6/2020,$252.16,$473.87,15/6/2020,$751.36,$260.77,$61.07,credit card
7084148855,1/7/2020,$340.56,,15/7/2020,$771.50,$377.26,$377.28,credit card
6639022724,1/8/2020,$304.39,,15/8/2020,$847.60,$246.87,$267.08,credit card
8720845944,1/9/2020,$21.36,,15/9/2020,$86.45,$267.97,$23.43,credit card
7984832098,1/10/2020,$325.36,,15/10/2020,$561.89,$267.11,$286.80,e-wallet
5833329347,1/11/2020,$94.27,$446.35,15/11/2020,$311.66,$483.72,$219.00,e-wallet
7148749711,1/12/2020,$332.63,$199.19,15/12/2020,$258.38,$218.60,$316.28,cheque
1308425355,1/1/2020,$358.43,,15/1/2020,$615.44,$87.53,$218.41,e-wallet
0160341754,1/2/2020,$445.32,,15/2/2020,$14.32,$383.83,$245.78,e-wallet
1587399755,1/3/2020,$37.11,,15/3/2020,$630.94,$168.91,$461.79,e-wallet
3961838695,1/4/2020,$385.08,,15/4/2020,$82.96,$260.79,$238.09,cheque
6235820264,1/5/2020,$397.09,$130.03,15/5/2020,$834.33,$95.53,$120.68,cheque
9451478119,1/6/2020,$20.95,$284.35,15/6/2020,$51.41,$218.19,$454.83,e-wallet
8699139977,1/7/2020,$423.38,$49.96,15/7/2020,$111.47,$370.41,$334.27,credit card
1460768083,1/8/2020,$436.82,$138.09,15/8/2020,$134.75,$297.45,$36.86,credit card
9353382344,1/9/2020,$172.83,,15/9/2020,$375.41,$385.38,$23.83,credit card
3155936985,1/10/2020,$323.07,,15/10/2020,$105.33,$98.48,$316.28,cheque
7113289265,1/11/2020,$163.26,,15/11/2020,$191.52,$402.84,$87.19,e-wallet
7109695702,1/12/2020,$485.29,$232.45,15/12/2020,$882.33,$53.59,$206.14,credit card
2451926876,1/1/2020,$180.39,,15/1/2020,$256.41,$230.25,$416.35,cheque
9660593329,1/2/2020,$331.11,,15/2/2020,$811.79,$74.31,$72.90,cheque
6342222329,1/3/2020,$378.53,,15/3/2020,$419.37,$88.55,$271.78,credit card
6946356934,1/4/2020,$235.38,$2.45,15/4/2020,$664.27,$435.17,$200.55,cheque
0192944169,1/5/2020,$294.41,,15/5/2020,$518.23,$88.45,$458.77,credit card
8920803152,1/6/2020,$233.06,,15/6/2020,$78.52,$83.77,$258.31,e-wallet
7852908169,1/7/2020,$219.51,$291.27,15/7/2020,$734.84,$163.71,$209.11,cheque
2069064447,1/8/2020,$378.36,$158.19,15/8/2020,$146.74,$243.97,$132.31,cheque
4664130855,1/9/2020,$322.09,,15/9/2020,$960.39,$498.09,$183.85,credit card
2440452534,1/10/2020,$125.73,,15/10/2020,$75.08,$317.46,$387.34,e-wallet
0583036005,1/11/2020,$304.78,,15/11/2020,$575.96,$444.90,$108.69,credit card
3408113827,1/12/2020,$224.15,,15/12/2020,$30.26,$160.74,$206.41,e-wallet
6344398846,1/1/2020,$411.52,$220.89,15/1/2020,$263.14,$282.39,$386.65,e-wallet
7974099259,1/2/2020,$188.67,,15/2/2020,$270.11,$198.83,$203.33,e-wallet
4217244038,1/3/2020,$342.34,,15/3/2020,$924.95,$252.36,$320.44,credit card
9211052494,1/4/2020,$452.73,$202.28,15/4/2020,$978.82,$356.58,$345.40,credit card
8590374403,1/5/2020,$331.20,$227.85,15/5/2020,$20.17,$143.39,$419.87,e-wallet
3301372480,1/6/2020,$443.34,,15/6/2020,$988.73,$381.84,$263.84,e-wallet
3174872326,1/7/2020,$58.62,$267.94,15/7/2020,$390.35,$164.58,$344.84,cheque
0144781327,1/8/2020,$236.14,,15/8/2020,$181.18,$38.13,$378.07,cheque
4085384000,1/9/2020,$348.39,,15/9/2020,$713.22,$202.84,$97.85,credit card
7778826537,1/10/2020,$72.47,,15/10/2020,$293.24,$412.16,$189.57,e-wallet
4149915709,1/11/2020,$37.43,,15/11/2020,$172.24,$458.66,$205.70,e-wallet
1706613957,1/12/2020,$161.21,,15/12/2020,$704.85,$434.74,$16.27,cheque
8081598257,1/1/2020,$22.78,,15/1/2020,$519.35,$456.59,$304.82,e-wallet
0873580713,1/2/2020,$35.57,,15/2/2020,$196.09,$369.56,$416.01,e-wallet
1072267295,1/3/2020,$61.21,,15/3/2020,$72.73,$279.12,$137.87,credit card
8787991823,1/4/2020,$255.18,$177.82,15/4/2020,$200.52,$351.21,$425.44,e-wallet
9654490825,1/5/2020,$471.70,,15/5/2020,$398.63,$424.14,$59.16,credit card
2900252703,1/6/2020,$446.20,,15/6/2020,$228.32,$320.89,$300.99,e-wallet
7556240591,1/7/2020,$176.31,$20.58,15/7/2020,$474.73,$255.68,$152.47,cheque
1414726504,1/8/2020,$480.06,,15/8/2020,$771.60,$426.93,$102.09,credit card
6070587397,1/9/2020,$134.41,$23.49,15/9/2020,$115.95,$241.69,$467.92,cheque
3553325989,1/10/2020,$72.10,,15/10/2020,$438.16,$492.82,$473.01,credit card
0650536347,1/11/2020,$257.52,,15/11/2020,$432.33,$163.78,$360.08,e-wallet
9660558114,1/12/2020,$472.22,$50.85,15/12/2020,$421.99,$168.05,$286.26,cheque
6514903070,1/1/2020,$257.35,$163.81,15/1/2020,$453.89,$455.75,$314.28,credit card
1040521616,1/2/2020,$251.22,,15/2/2020,$128.11,$219.61,$13.84,cheque
0760235891,1/3/2020,$401.40,,15/3/2020,$17.80,$333.65,$230.67,credit card
6857213403,1/4/2020,$342.46,,15/4/2020,$330.81,$408.39,$499.47,credit card
7632705798,1/5/2020,$352.48,,15/5/2020,$239.69,$323.07,$306.94,cheque
9638712334,1/6/2020,$408.47,$247.00,15/6/2020,$825.33,$449.23,$381.49,e-wallet
2804500186,1/7/2020,$311.85,,15/7/2020,$855.67,$486.14,$419.34,credit card
5329532102,1/8/2020,$332.70,$390.38,15/8/2020,$106.42,$244.72,$444.27,credit card
5533499560,1/9/2020,$341.16,,15/9/2020,$611.01,$468.58,$133.80,cheque
3499754414,1/10/2020,$180.23,,15/10/2020,$103.72,$498.82,$279.26,e-wallet
9587685911,1/11/2020,$471.74,$133.00,15/11/2020,$310.90,$164.68,$119.45,cheque
9622347556,1/12/2020,$329.46,$93.66,15/12/2020,$451.32,$232.37,$482.78,cheque
3371692262,1/1/2020,$119.03,,15/1/2020,$727.24,$295.47,$155.43,cheque
2419206608,1/2/2020,$425.24,$56.14,15/2/2020,$677.14,$23.19,$105.35,cheque
1651636379,1/3/2020,$401.54,$113.87,15/3/2020,$470.95,$128.13,$263.92,credit card
2592273298,1/4/2020,$232.21,,15/4/2020,$8.30,$55.39,$118.56,e-wallet
0483232561,1/5/2020,$400.18,$471.01,15/5/2020,$327.95,$100.96,$280.50,cheque
2450468330,1/6/2020,$499.23,,15/6/2020,$244.77,$141.46,$82.85,e-wallet
6118719122,1/7/2020,$291.10,,15/7/2020,$982.45,$140.73,$179.70,cheque
3575890169,1/8/2020,$34.67,$318.26,15/8/2020,$997.81,$87.09,$277.24,e-wallet
4967317999,1/9/2020,$156.02,,15/9/2020,$585.92,$113.57,$486.15,credit card
6071491727,1/10/2020,$469.93,,15/10/2020,$556.04,$143.04,$429.15,e-wallet
3168988843,1/11/2020,$446.30,$109.83,15/11/2020,$549.01,$489.76,$354.44,e-wallet
9648944642,1/12/2020,$134.57,,15/12/2020,$322.32,$208.89,$408.87,cheque
3254935273,1/1/2020,$368.37,,15/1/2020,$21.14,$293.26,$476.46,credit card
9325697351,1/2/2020,$178.04,,15/2/2020,$54.99,$252.91,$146.24,cheque
8308411926,1/3/2020,$98.34,,15/3/2020,$353.97,$201.18,$446.77,credit card
3169450729,1/4/2020,$243.33,,15/4/2020,$170.44,$302.60,$89.44,credit card
5336149328,1/5/2020,$425.85,,15/5/2020,$855.26,$472.19,$479.15,e-wallet
2971435131,1/6/2020,$31.87,$174.68,15/6/2020,$859.39,$330.41,$144.94,e-wallet
0178662973,1/7/2020,$305.44,,15/7/2020,$850.35,$202.25,$314.79,credit card
8776096876,1/8/2020,$401.38,,15/8/2020,$410.07,$251.76,$226.79,e-wallet
5167091660,1/9/2020,$443.29,$262.72,15/9/2020,$868.79,$367.41,$405.98,credit card
1254434775,1/10/2020,$410.59,$178.10,15/10/2020,$257.16,$134.71,$126.62,cheque
0677445428,1/11/2020,$298.24,,15/11/2020,$336.30,$18.64,$456.37,cheque
4111795029,1/12/2020,$150.20,$123.02,15/12/2020,$334.77,$8.59,$196.31,credit card
8309729536,1/1/2020,$355.52,,15/1/2020,$574.55,$214.80,$437.86,cheque
1022014457,1/2/2020,$269.75,,15/2/2020,$598.72,$44.16,$137.56,e-wallet
1454559776,1/3/2020,$283.53,$296.14,15/3/2020,$492.16,$443.13,$436.26,credit card
7736840792,1/4/2020,$163.93,,15/4/2020,$598.31,$396.68,$350.07,cheque
3965438039,1/5/2020,$38.93,,15/5/2020,$954.10,$272.62,$61.62,e-wallet
7470657631,1/6/2020,$451.52,,15/6/2020,$176.41,$363.81,$349.99,e-wallet
1291236000,1/7/2020,$202.45,,15/7/2020,$631.52,$406.75,$372.93,cheque
9628162225,1/8/2020,$339.49,,15/8/2020,$510.54,$277.54,$137.38,credit card
8854324046,1/9/2020,$429.33,$286.97,15/9/2020,$950.44,$377.47,$167.00,cheque
0503797069,1/10/2020,$116.75,$439.53,15/10/2020,$893.26,$303.60,$409.90,cheque
8372484059,1/11/2020,$173.96,,15/11/2020,$265.45,$61.15,$229.98,cheque
1350987949,1/12/2020,$318.48,,15/12/2020,$243.12,$131.40,$98.73,credit card
7632547690,1/1/2020,$319.14,,15/1/2020,$177.27,$217.90,$498.25,e-wallet
9898205272,1/2/2020,$138.59,,15/2/2020,$228.00,$23.12,$264.78,e-wallet
6852291530,1/3/2020,$417.55,$305.88,15/3/2020,$916.07,$162.29,$410.58,credit card
7935906018,1/4/2020,$274.38,,15/4/2020,$32.15,$304.58,$86.29,e-wallet
2549625370,1/5/2020,$65.58,,15/5/2020,$65.21,$473.20,$170.63,e-wallet
0532581931,1/6/2020,$486.48,$268.25,15/6/2020,$989.60,$274.52,$171.03,credit card
2550438008,1/7/2020,$107.79,$491.34,15/7/2020,$711.69,$68.07,$279.53,e-wallet
9601190324,1/8/2020,$351.27,,15/8/2020,$401.26,$124.20,$41.85,cheque
4769986977,1/9/2020,$19.56,,15/9/2020,$987.66,$98.00,$255.97,cheque
8263748245,1/10/2020,$240.66,,15/10/2020,$108.85,$199.03,$342.93,e-wallet
9078205300,1/11/2020,$194.90,,15/11/2020,$871.62,$66.35,$196.47,e-wallet
9173538643,1/12/2020,$88.57,$274.49,15/12/2020,$130.12,$177.16,$467.49,cheque
7573238851,1/1/2020,$52.15,,15/1/2020,$758.33,$82.78,$495.00,e-wallet
6775757707,1/2/2020,$49.79,,15/2/2020,$410.19,$414.42,$23.72,credit card
5589864121,1/3/2020,$21.36,$486.14,15/3/2020,$612.51,$252.89,$473.08,e-wallet
9300632810,1/4/2020,$25.64,,15/4/2020,$939.39,$255.73,$44.99,cheque
1440554806,1/5/2020,$129.18,,15/5/2020,$771.51,$281.46,$122.53,cheque
3535796936,1/6/2020,$354.75,,15/6/2020,$798.81,$233.78,$173.15,credit card
6208172143,1/7/2020,$450.74,,15/7/2020,$837.14,$294.26,$304.46,e-wallet
2018903306,1/8/2020,$422.92,,15/8/2020,$567.23,$158.36,$277.52,credit card
2933190148,1/9/2020,$159.28,$141.45,15/9/2020,$872.79,$58.82,$365.20,e-wallet
6003124426,1/10/2020,$419.68,,15/10/2020,$947.93,$125.87,$110.40,e-wallet
4981433994,1/11/2020,$105.39,,15/11/2020,$436.68,$351.14,$432.84,e-wallet
6531452769,1/12/2020,$382.37,,15/12/2020,$291.36,$494.52,$45.30,credit card
5605483134,1/1/2020,$457.68,$473.44,15/1/2020,$815.17,$488.04,$340.41,e-wallet
0799870803,1/2/2020,$409.05,,15/2/2020,$891.27,$471.08,$278.50,cheque
2405052209,1/3/2020,$323.90,,15/3/2020,$540.47,$417.33,$109.46,credit card
1320461342,1/4/2020,$469.15,,15/4/2020,$215.89,$224.83,$470.50,e-wallet
3678290553,1/5/2020,$380.41,,15/5/2020,$156.16,$273.45,$43.50,credit card
8673636819,1/6/2020,$284.74,,15/6/2020,$229.03,$424.99,$166.23,credit card
5709494876,1/7/2020,$209.90,$98.89,15/7/2020,$467.30,$154.68,$145.36,e-wallet
7600480272,1/8/2020,$314.44,,15/8/2020,$61.84,$243.91,$195.40,credit card
4153679446,1/9/2020,$440.82,,15/9/2020,$722.77,$235.19,$208.85,e-wallet
9710766309,1/10/2020,$135.64,,15/10/2020,$890.01,$392.52,$288.07,cheque
9797751650,1/11/2020,$50.09,,15/11/2020,$534.93,$61.48,$108.12,cheque
6994466543,1/12/2020,$424.92,,15/12/2020,$232.81,$65.27,$405.66,cheque
6431590460,1/1/2020,$47.97,,15/1/2020,$638.65,$317.22,$309.86,e-wallet
1898178860,1/2/2020,$392.88,$13.96,15/2/2020,$130.94,$177.39,$362.31,cheque
6040086941,1/3/2020,$48.65,$233.06,15/3/2020,$173.66,$339.92,$395.78,cheque
7347679841,1/4/2020,$67.09,$21.38,15/4/2020,$918.22,$77.14,$136.68,credit card
9958134694,1/5/2020,$92.84,,15/5/2020,$809.70,$370.09,$188.92,credit card
2456620022,1/6/2020,$150.79,,15/6/2020,$104.59,$174.32,$200.53,e-wallet
1687935433,1/7/2020,$98.39,$413.83,15/7/2020,$553.96,$312.06,$497.68,e-wallet
0489263917,1/8/2020,$326.72,$280.76,15/8/2020,$908.93,$27.15,$110.01,e-wallet
9369743137,1/9/2020,$395.77,,15/9/2020,$142.80,$456.89,$60.59,credit card
8003158272,1/10/2020,$193.13,,15/10/2020,$914.69,$132.19,$429.48,credit card
9801767618,1/11/2020,$357.79,,15/11/2020,$83.69,$187.71,$446.60,cheque
8790474690,1/12/2020,$429.11,$114.80,15/12/2020,$290.42,$239.22,$400.00,credit card
6600990253,1/1/2020,$97.83,,15/1/2020,$707.79,$451.40,$104.70,cheque
7524608579,1/2/2020,$99.19,$22.64,15/2/2020,$46.82,$291.75,$397.31,e-wallet
5218177648,1/3/2020,$259.12,,15/3/2020,$214.50,$28.96,$251.80,credit card
1107962252,1/4/2020,$423.45,,15/4/2020,$143.35,$118.70,$292.50,credit card
6415564646,1/5/2020,$17.46,$386.04,15/5/2020,$912.32,$257.11,$365.32,credit card
6694623128,1/6/2020,$491.24,,15/6/2020,$482.61,$57.21,$83.22,cheque
4639603549,1/7/2020,$47.91,$323.82,15/7/2020,$196.62,$343.66,$98.29,e-wallet
5630825430,1/8/2020,$209.10,$6.15,15/8/2020,$311.58,$192.36,$302.65,credit card
1196678489,1/9/2020,$97.99,,15/9/2020,$659.57,$62.11,$51.76,credit card
3228139966,1/10/2020,$218.19,$451.67,15/10/2020,$519.03,$326.22,$401.22,e-wallet
8528975745,1/11/2020,$164.12,$439.31,15/11/2020,$325.73,$5.24,$159.03,cheque
9315245354,1/12/2020,$328.27,,15/12/2020,$830.97,$293.77,$112.62,credit card
3796165662,1/1/2020,$418.58,,15/1/2020,$305.05,$262.41,$302.63,e-wallet
5017430362,1/2/2020,$495.68,$387.51,15/2/2020,$861.13,$307.27,$312.69,e-wallet
0349633856,1/3/2020,$375.76,,15/3/2020,$214.66,$468.51,$473.68,cheque
3598626492,1/4/2020,$304.58,,15/4/2020,$240.65,$485.65,$109.95,cheque
1903242383,1/5/2020,$30.48,,15/5/2020,$857.83,$480.78,$435.13,cheque
4273908080,1/6/2020,$206.49,,15/6/2020,$576.98,$243.21,$186.05,e-wallet
2083145788,1/7/2020,$439.15,,15/7/2020,$588.48,$377.52,$149.29,e-wallet
4206019303,1/8/2020,$468.72,$330.13,15/8/2020,$536.03,$293.01,$422.91,cheque
9441280370,1/9/2020,$20.91,$279.51,15/9/2020,$141.43,$162.98,$33.48,credit card
2036182871,1/10/2020,$420.92,$71.44,15/10/2020,$457.89,$372.05,$226.27,e-wallet
3265462479,1/11/2020,$158.42,$435.82,15/11/2020,$18.63,$383.02,$95.57,cheque
3025567804,1/12/2020,$16.20,,15/12/2020,$305.42,$357.15,$312.16,cheque
4134976261,1/1/2020,$347.88,,15/1/2020,$393.24,$295.11,$290.03,cheque
5536491211,1/2/2020,$225.35,,15/2/2020,$871.16,$72.61,$457.06,credit card
1050227365,1/3/2020,$448.91,,15/3/2020,$888.34,$334.04,$297.90,credit card
3602886605,1/4/2020,$448.94,$11.55,15/4/2020,$662.67,$329.58,$224.80,e-wallet
2340066905,1/5/2020,$96.91,,15/5/2020,$889.90,$243.66,$127.43,cheque
7731867737,1/6/2020,$56.65,$76.44,15/6/2020,$182.40,$492.27,$48.31,cheque
7829920661,1/7/2020,$172.00,,15/7/2020,$756.53,$90.97,$244.14,credit card
9372278971,1/8/2020,$319.99,$360.14,15/8/2020,$384.04,$123.90,$492.80,cheque
2253299385,1/9/2020,$156.79,$172.16,15/9/2020,$302.79,$335.99,$484.45,credit card
8335799150,1/10/2020,$194.79,$346.12,15/10/2020,$282.49,$402.63,$348.10,credit card
2060560958,1/11/2020,$276.25,$318.53,15/11/2020,$570.15,$308.27,$300.93,cheque
8093114332,1/12/2020,$76.51,$13.14,15/12/2020,$673.81,$109.79,$282.83,cheque
8026834095,1/1/2020,$405.65,,15/1/2020,$287.68,$158.05,$249.12,cheque
9035921726,1/2/2020,$178.79,,15/2/2020,$171.62,$11.05,$28.28,e-wallet
3867104512,1/3/2020,$339.06,$222.14,15/3/2020,$965.77,$420.84,$23.35,credit card
7245552974,1/4/2020,$151.18,$458.52,15/4/2020,$944.96,$156.59,$472.40,cheque
2473628740,1/5/2020,$17.94,$281.15,15/5/2020,$557.88,$92.75,$380.97,cheque
3730787537,1/6/2020,$450.09,,15/6/2020,$547.20,$440.07,$300.96,e-wallet
8326774936,1/7/2020,$474.25,$308.51,15/7/2020,$853.27,$78.59,$418.95,credit card
3260450885,1/8/2020,$413.58,,15/8/2020,$882.94,$359.21,$485.88,e-wallet
7975588289,1/9/2020,$319.45,,15/9/2020,$507.93,$334.00,$200.60,e-wallet
7532030900,1/10/2020,$99.55,$483.04,15/10/2020,$193.24,$101.06,$131.39,cheque
1661667164,1/11/2020,$27.82,,15/11/2020,$283.05,$164.28,$36.04,e-wallet
8851859518,1/12/2020,$493.92,$105.63,15/12/2020,$495.27,$348.46,$93.21,cheque
8511549671,1/1/2020,$204.20,$189.25,15/1/2020,$783.35,$404.61,$347.03,e-wallet
9004299409,1/2/2020,$297.12,$161.03,15/2/2020,$106.01,$123.74,$438.78,e-wallet
4005446118,1/3/2020,$361.95,$224.17,15/3/2020,$76.76,$338.95,$181.15,credit card
8002918509,1/4/2020,$349.33,,15/4/2020,$203.60,$320.62,$276.48,credit card
